Page,Id
007_スペクター_ja.wikipedia.org_all-access_all-agents_2017-09-13,0b293039387a
007_スペクター_ja.wikipedia.org_all-access_all-agents_2017-09-14,7114389dd824
007_スペクター_ja.wikipedia.org_all-access_all-agents_2017-09-15,057b02ff1f09
007_スペクター_ja.wikipedia.org_all-access_all-agents_2017-09-16,bd2aca21caa3
007_スペクター_ja.wikipedia.org_all-access_all-agents_2017-09-17,c0effb42cdd5
007_スペクター_ja.wikipedia.org_all-access_all-agents_2017-09-18,4ccd369adefc
007_スペクター_ja.wikipedia.org_all-access_all-agents_2017-09-19,67d5c2ebc330
007_スペクター_ja.wikipedia.org_all-access_all-agents_2017-09-20,1c51606e416b
007_スペクター_ja.wikipedia.org_all-access_all-agents_2017-09-21,0f27b91481db
007_スペクター_ja.wikipedia.org_all-access_all-agents_2017-09-22,07f5f08a49fa
007_スペクター_ja.wikipedia.org_all-access_all-agents_2017-09-23,de5e0bd4769d
007_スペクター_ja.wikipedia.org_all-access_all-agents_2017-09-24,4992950a2651
007_スペクター_ja.wikipedia.org_all-access_all-agents_2017-09-25,6d53bd4dc888
007_スペクター_ja.wikipedia.org_all-access_all-agents_2017-09-26,1bbd6403124c
007_スペクター_ja.wikipedia.org_all-access_all-agents_2017-09-27,e8e7ff40facc
007_スペクター_ja.wikipedia.org_all-access_all-agents_2017-09-28,8a4b1c6af656
007_スペクター_ja.wikipedia.org_all-access_all-agents_2017-09-29,1e24475ddb8c
007_スペクター_ja.wikipedia.org_all-access_all-agents_2017-09-30,02e034fdd2c4
007_スペクター_ja.wikipedia.org_all-access_all-agents_2017-10-01,1cc7eb149dbd
007_スペクター_ja.wikipedia.org_all-access_all-agents_2017-10-02,fb518bfef5ab
007_スペクター_ja.wikipedia.org_all-access_all-agents_2017-10-03,1d1f1519ac13
007_スペクター_ja.wikipedia.org_all-access_all-agents_2017-10-04,ac35a6c2b36c
007_スペクター_ja.wikipedia.org_all-access_all-agents_2017-10-05,5ff1782a4045
007_スペクター_ja.wikipedia.org_all-access_all-agents_2017-10-06,148aa06a6a65
007_スペクター_ja.wikipedia.org_all-access_all-agents_2017-10-07,b94a0af77529
007_スペクター_ja.wikipedia.org_all-access_all-agents_2017-10-08,0a214bdcec3d
007_スペクター_ja.wikipedia.org_all-access_all-agents_2017-10-09,6562a45df4fd
007_スペクター_ja.wikipedia.org_all-access_all-agents_2017-10-10,220e7ae73a6d
007_スペクター_ja.wikipedia.org_all-access_all-agents_2017-10-11,435af699b0f2
007_スペクター_ja.wikipedia.org_all-access_all-agents_2017-10-12,a2c44639e9e4
007_スペクター_ja.wikipedia.org_all-access_all-agents_2017-10-13,10a00393121a
007_スペクター_ja.wikipedia.org_all-access_all-agents_2017-10-14,e45e79576814
007_スペクター_ja.wikipedia.org_all-access_all-agents_2017-10-15,8c24a7911707
007_スペクター_ja.wikipedia.org_all-access_all-agents_2017-10-16,c02d6ac6bc14
007_スペクター_ja.wikipedia.org_all-access_all-agents_2017-10-17,71e2d119c231
007_スペクター_ja.wikipedia.org_all-access_all-agents_2017-10-18,84fbf152bba2
007_スペクター_ja.wikipedia.org_all-access_all-agents_2017-10-19,6995ee0a77a8
007_スペクター_ja.wikipedia.org_all-access_all-agents_2017-10-20,f509f25c473f
007_スペクター_ja.wikipedia.org_all-access_all-agents_2017-10-21,94ed55e17ca2
007_スペクター_ja.wikipedia.org_all-access_all-agents_2017-10-22,2c2b1a8a9faa
007_スペクター_ja.wikipedia.org_all-access_all-agents_2017-10-23,3cd7c8a2ad98
007_スペクター_ja.wikipedia.org_all-access_all-agents_2017-10-24,2de83ba0981b
007_スペクター_ja.wikipedia.org_all-access_all-agents_2017-10-25,86ea11579c7e
007_スペクター_ja.wikipedia.org_all-access_all-agents_2017-10-26,e08b8001e1d7
007_スペクター_ja.wikipedia.org_all-access_all-agents_2017-10-27,ca2f20c06075
007_スペクター_ja.wikipedia.org_all-access_all-agents_2017-10-28,c8363ab90343
007_スペクター_ja.wikipedia.org_all-access_all-agents_2017-10-29,d49e97b96906
007_スペクター_ja.wikipedia.org_all-access_all-agents_2017-10-30,9b8e18c9c86c
007_スペクター_ja.wikipedia.org_all-access_all-agents_2017-10-31,c3fb78e23cbf
007_スペクター_ja.wikipedia.org_all-access_all-agents_2017-11-01,156887cf95a4
007_スペクター_ja.wikipedia.org_all-access_all-agents_2017-11-02,6670c86199c8
007_スペクター_ja.wikipedia.org_all-access_all-agents_2017-11-03,f7150eb7ceee
007_スペクター_ja.wikipedia.org_all-access_all-agents_2017-11-04,255c803394b0
007_スペクター_ja.wikipedia.org_all-access_all-agents_2017-11-05,9e22b01971f4
007_スペクター_ja.wikipedia.org_all-access_all-agents_2017-11-06,9d6828286480
007_スペクター_ja.wikipedia.org_all-access_all-agents_2017-11-07,0a64a1c903a9
007_スペクター_ja.wikipedia.org_all-access_all-agents_2017-11-08,e2b0a8953036
007_スペクター_ja.wikipedia.org_all-access_all-agents_2017-11-09,62a4d7c6a415
007_スペクター_ja.wikipedia.org_all-access_all-agents_2017-11-10,9473a6aefd12
007_スペクター_ja.wikipedia.org_all-access_all-agents_2017-11-11,91669e6d7227
007_スペクター_ja.wikipedia.org_all-access_all-agents_2017-11-12,7867b6c7b49d
007_スペクター_ja.wikipedia.org_all-access_all-agents_2017-11-13,907048145f8f
007_スペクター_ja.wikipedia.org_all-access_spider_2017-09-13,098d9a6c9f03
007_スペクター_ja.wikipedia.org_all-access_spider_2017-09-14,8c2cc3d72ba4
007_スペクター_ja.wikipedia.org_all-access_spider_2017-09-15,9758da15f7b6
007_スペクター_ja.wikipedia.org_all-access_spider_2017-09-16,a59ad481ddc2
007_スペクター_ja.wikipedia.org_all-access_spider_2017-09-17,da390e3b4458
007_スペクター_ja.wikipedia.org_all-access_spider_2017-09-18,defe2144e770
007_スペクター_ja.wikipedia.org_all-access_spider_2017-09-19,44e5e5e0fea2
007_スペクター_ja.wikipedia.org_all-access_spider_2017-09-20,2c71935e33ca
007_スペクター_ja.wikipedia.org_all-access_spider_2017-09-21,4880b67372f7
007_スペクター_ja.wikipedia.org_all-access_spider_2017-09-22,e1c04be2ca16
007_スペクター_ja.wikipedia.org_all-access_spider_2017-09-23,93e64389ec29
007_スペクター_ja.wikipedia.org_all-access_spider_2017-09-24,f2df48e19a66
007_スペクター_ja.wikipedia.org_all-access_spider_2017-09-25,f003dfd8d657
007_スペクター_ja.wikipedia.org_all-access_spider_2017-09-26,1ac7050beca5
007_スペクター_ja.wikipedia.org_all-access_spider_2017-09-27,939d56a52b50
007_スペクター_ja.wikipedia.org_all-access_spider_2017-09-28,e997ada5860d
007_スペクター_ja.wikipedia.org_all-access_spider_2017-09-29,b42a30d3c4ed
007_スペクター_ja.wikipedia.org_all-access_spider_2017-09-30,3d2b67dbe3c2
007_スペクター_ja.wikipedia.org_all-access_spider_2017-10-01,9f15b46e4f12
007_スペクター_ja.wikipedia.org_all-access_spider_2017-10-02,d7f23d28834e
007_スペクター_ja.wikipedia.org_all-access_spider_2017-10-03,e682d9339bdd
007_スペクター_ja.wikipedia.org_all-access_spider_2017-10-04,4b49ab4d1c9c
007_スペクター_ja.wikipedia.org_all-access_spider_2017-10-05,e39cf6df845e
007_スペクター_ja.wikipedia.org_all-access_spider_2017-10-06,6d5bafa38efb
007_スペクター_ja.wikipedia.org_all-access_spider_2017-10-07,f181012712ea
007_スペクター_ja.wikipedia.org_all-access_spider_2017-10-08,9573821e114c
007_スペクター_ja.wikipedia.org_all-access_spider_2017-10-09,9fe3d46fb877
007_スペクター_ja.wikipedia.org_all-access_spider_2017-10-10,7d513b9b5d8b
007_スペクター_ja.wikipedia.org_all-access_spider_2017-10-11,9aef75405cad
007_スペクター_ja.wikipedia.org_all-access_spider_2017-10-12,52c91ef97fbd
007_スペクター_ja.wikipedia.org_all-access_spider_2017-10-13,5f75c1857070
007_スペクター_ja.wikipedia.org_all-access_spider_2017-10-14,27dcb6b58bd2
007_スペクター_ja.wikipedia.org_all-access_spider_2017-10-15,37c842383f21
007_スペクター_ja.wikipedia.org_all-access_spider_2017-10-16,8268a84d0b0f
007_スペクター_ja.wikipedia.org_all-access_spider_2017-10-17,35aa19681e76
007_スペクター_ja.wikipedia.org_all-access_spider_2017-10-18,11c6574ac6ad
007_スペクター_ja.wikipedia.org_all-access_spider_2017-10-19,458a65e97648
007_スペクター_ja.wikipedia.org_all-access_spider_2017-10-20,bb9038bbbfad
007_スペクター_ja.wikipedia.org_all-access_spider_2017-10-21,ba5b4f8ff05e
007_スペクター_ja.wikipedia.org_all-access_spider_2017-10-22,5cfd6d8c7d4f
007_スペクター_ja.wikipedia.org_all-access_spider_2017-10-23,a74456a50358
007_スペクター_ja.wikipedia.org_all-access_spider_2017-10-24,04476f4203f1
007_スペクター_ja.wikipedia.org_all-access_spider_2017-10-25,e3836befc2ac
007_スペクター_ja.wikipedia.org_all-access_spider_2017-10-26,f794df381bdb
007_スペクター_ja.wikipedia.org_all-access_spider_2017-10-27,36a67c4d1bbd
007_スペクター_ja.wikipedia.org_all-access_spider_2017-10-28,73c8e872644e
007_スペクター_ja.wikipedia.org_all-access_spider_2017-10-29,a1c94c91b0ee
007_スペクター_ja.wikipedia.org_all-access_spider_2017-10-30,f751f973ac51
007_スペクター_ja.wikipedia.org_all-access_spider_2017-10-31,cfcf33b5a5e0
007_スペクター_ja.wikipedia.org_all-access_spider_2017-11-01,ea0fe83c6d27
007_スペクター_ja.wikipedia.org_all-access_spider_2017-11-02,f5f0b5d9bcfc
007_スペクター_ja.wikipedia.org_all-access_spider_2017-11-03,3fae4a9534db
007_スペクター_ja.wikipedia.org_all-access_spider_2017-11-04,197f76e43653
007_スペクター_ja.wikipedia.org_all-access_spider_2017-11-05,26fd73a447bd
007_スペクター_ja.wikipedia.org_all-access_spider_2017-11-06,1e2dbcd41f1f
007_スペクター_ja.wikipedia.org_all-access_spider_2017-11-07,6ea5680826fb
007_スペクター_ja.wikipedia.org_all-access_spider_2017-11-08,24460cc274d5
007_スペクター_ja.wikipedia.org_all-access_spider_2017-11-09,b6a5e3111efb
007_スペクター_ja.wikipedia.org_all-access_spider_2017-11-10,b78259b14981
007_スペクター_ja.wikipedia.org_all-access_spider_2017-11-11,b817e1156c1a
007_スペクター_ja.wikipedia.org_all-access_spider_2017-11-12,c069a5e8498f
007_スペクター_ja.wikipedia.org_all-access_spider_2017-11-13,a5111aee0d40
007_スペクター_ja.wikipedia.org_desktop_all-agents_2017-09-13,d6ee2fd5f5a8
007_スカイフォール_ja.wikipedia.org_desktop_all-agents_2017-09-13,bc0361c648af
007_スペクター_ja.wikipedia.org_desktop_all-agents_2017-09-14,caa11e13d5b8
007_スカイフォール_ja.wikipedia.org_desktop_all-agents_2017-09-14,92d8881f8405
007_スペクター_ja.wikipedia.org_desktop_all-agents_2017-09-15,311d45a5ec8d
007_スカイフォール_ja.wikipedia.org_desktop_all-agents_2017-09-15,d565b388f58a
007_スペクター_ja.wikipedia.org_desktop_all-agents_2017-09-16,e30a8a040a4d
007_スカイフォール_ja.wikipedia.org_desktop_all-agents_2017-09-16,d2b98755be6e
007_スペクター_ja.wikipedia.org_desktop_all-agents_2017-09-17,d1c74688f052
007_スカイフォール_ja.wikipedia.org_desktop_all-agents_2017-09-17,52bdb05ef8e7
007_スペクター_ja.wikipedia.org_desktop_all-agents_2017-09-18,dfb30f50b790
007_スカイフォール_ja.wikipedia.org_desktop_all-agents_2017-09-18,e891f4bde5ff
007_スペクター_ja.wikipedia.org_desktop_all-agents_2017-09-19,b2195b20c297
007_スカイフォール_ja.wikipedia.org_desktop_all-agents_2017-09-19,de2e6e7fce48
007_スペクター_ja.wikipedia.org_desktop_all-agents_2017-09-20,0705385705ca
007_スカイフォール_ja.wikipedia.org_desktop_all-agents_2017-09-20,df4d54c30187
007_スペクター_ja.wikipedia.org_desktop_all-agents_2017-09-21,9b345646f60b
007_スカイフォール_ja.wikipedia.org_desktop_all-agents_2017-09-21,dbbfda6a1090
007_スペクター_ja.wikipedia.org_desktop_all-agents_2017-09-22,6c9207dc6a3a
007_スカイフォール_ja.wikipedia.org_desktop_all-agents_2017-09-22,bc82f0c11a7b
007_スペクター_ja.wikipedia.org_desktop_all-agents_2017-09-23,fc79cb3ea220
007_スカイフォール_ja.wikipedia.org_desktop_all-agents_2017-09-23,081a755f0390
007_スペクター_ja.wikipedia.org_desktop_all-agents_2017-09-24,0dcf45960100
007_スカイフォール_ja.wikipedia.org_desktop_all-agents_2017-09-24,d31138f9f407
007_スペクター_ja.wikipedia.org_desktop_all-agents_2017-09-25,34071a26617f
007_スカイフォール_ja.wikipedia.org_desktop_all-agents_2017-09-25,81b37597c584
007_スペクター_ja.wikipedia.org_desktop_all-agents_2017-09-26,71c4946263b1
007_スカイフォール_ja.wikipedia.org_desktop_all-agents_2017-09-26,1cef440a61de
007_スペクター_ja.wikipedia.org_desktop_all-agents_2017-09-27,dfb882d6b02c
007_スカイフォール_ja.wikipedia.org_desktop_all-agents_2017-09-27,34dc73d742a7
007_スペクター_ja.wikipedia.org_desktop_all-agents_2017-09-28,2d37d3ac7b9a
007_スカイフォール_ja.wikipedia.org_desktop_all-agents_2017-09-28,d7b60566d708
007_スペクター_ja.wikipedia.org_desktop_all-agents_2017-09-29,0d0978d83a11
007_スカイフォール_ja.wikipedia.org_desktop_all-agents_2017-09-29,b3ed4964df09
007_スペクター_ja.wikipedia.org_desktop_all-agents_2017-09-30,a6d7698f0704
007_スカイフォール_ja.wikipedia.org_desktop_all-agents_2017-09-30,5a3b47d2183b
007_スペクター_ja.wikipedia.org_desktop_all-agents_2017-10-01,01dce6b3d34d
007_スカイフォール_ja.wikipedia.org_desktop_all-agents_2017-10-01,5b7596d80826
007_スペクター_ja.wikipedia.org_desktop_all-agents_2017-10-02,5633dc70b233
007_スカイフォール_ja.wikipedia.org_desktop_all-agents_2017-10-02,3b4818e2f8bc
007_スペクター_ja.wikipedia.org_desktop_all-agents_2017-10-03,751404f31e6b
007_スカイフォール_ja.wikipedia.org_desktop_all-agents_2017-10-03,734feaf4cd09
007_スペクター_ja.wikipedia.org_desktop_all-agents_2017-10-04,1254b1396862
007_スカイフォール_ja.wikipedia.org_desktop_all-agents_2017-10-04,db6afe45f093
007_スペクター_ja.wikipedia.org_desktop_all-agents_2017-10-05,1f9b086ad35f
007_スカイフォール_ja.wikipedia.org_desktop_all-agents_2017-10-05,21d321287ec1
007_スペクター_ja.wikipedia.org_desktop_all-agents_2017-10-06,26dcacd1ce3e
007_スカイフォール_ja.wikipedia.org_desktop_all-agents_2017-10-06,f2d24e5e936e
007_スペクター_ja.wikipedia.org_desktop_all-agents_2017-10-07,12d8e69acca6
007_スカイフォール_ja.wikipedia.org_desktop_all-agents_2017-10-07,ee097436917d
007_スペクター_ja.wikipedia.org_desktop_all-agents_2017-10-08,d6fe594c4f64
007_スカイフォール_ja.wikipedia.org_desktop_all-agents_2017-10-08,7912b4de8f8d
007_スペクター_ja.wikipedia.org_desktop_all-agents_2017-10-09,80797b02f47e
007_スカイフォール_ja.wikipedia.org_desktop_all-agents_2017-10-09,eb4874c962a5
007_スペクター_ja.wikipedia.org_desktop_all-agents_2017-10-10,048945f8d87e
007_スカイフォール_ja.wikipedia.org_desktop_all-agents_2017-10-10,f97d4b3208fc
007_スペクター_ja.wikipedia.org_desktop_all-agents_2017-10-11,2bae2ad8f661
007_スカイフォール_ja.wikipedia.org_desktop_all-agents_2017-10-11,93df6feb07ea
007_スペクター_ja.wikipedia.org_desktop_all-agents_2017-10-12,435f2f7147d7
007_スカイフォール_ja.wikipedia.org_desktop_all-agents_2017-10-12,4020e1217707
007_スペクター_ja.wikipedia.org_desktop_all-agents_2017-10-13,5dc7a269dafa
007_スカイフォール_ja.wikipedia.org_desktop_all-agents_2017-10-13,833c4873686d
007_スペクター_ja.wikipedia.org_desktop_all-agents_2017-10-14,2b3780ee6f1c
007_スカイフォール_ja.wikipedia.org_desktop_all-agents_2017-10-14,8dc7e4ffb7fe
007_スペクター_ja.wikipedia.org_desktop_all-agents_2017-10-15,bd92b86fb3be
007_スカイフォール_ja.wikipedia.org_desktop_all-agents_2017-10-15,5838cd4a0248
007_スペクター_ja.wikipedia.org_desktop_all-agents_2017-10-16,41fae4051dae
007_スカイフォール_ja.wikipedia.org_desktop_all-agents_2017-10-16,3c498ea36731
007_スペクター_ja.wikipedia.org_desktop_all-agents_2017-10-17,0d0689e14881
007_スカイフォール_ja.wikipedia.org_desktop_all-agents_2017-10-17,11e490a758fc
007_スペクター_ja.wikipedia.org_desktop_all-agents_2017-10-18,52d45417f558
007_スカイフォール_ja.wikipedia.org_desktop_all-agents_2017-10-18,b1938250b486
007_スペクター_ja.wikipedia.org_desktop_all-agents_2017-10-19,d88360b86d48
007_スカイフォール_ja.wikipedia.org_desktop_all-agents_2017-10-19,b07dce0fbcc0
007_スペクター_ja.wikipedia.org_desktop_all-agents_2017-10-20,38458cbdeef8
007_スカイフォール_ja.wikipedia.org_desktop_all-agents_2017-10-20,aad23db68e79
007_スペクター_ja.wikipedia.org_desktop_all-agents_2017-10-21,2dbb84c758a6
007_スカイフォール_ja.wikipedia.org_desktop_all-agents_2017-10-21,e9c39f1ddf57
007_スペクター_ja.wikipedia.org_desktop_all-agents_2017-10-22,c44977e661ea
007_スカイフォール_ja.wikipedia.org_desktop_all-agents_2017-10-22,7963b7c7db62
007_スペクター_ja.wikipedia.org_desktop_all-agents_2017-10-23,e367f7908549
007_スカイフォール_ja.wikipedia.org_desktop_all-agents_2017-10-23,ae156e79b6c5
007_スペクター_ja.wikipedia.org_desktop_all-agents_2017-10-24,c21900c7e2aa
007_スカイフォール_ja.wikipedia.org_desktop_all-agents_2017-10-24,44bd887a3e68
007_スペクター_ja.wikipedia.org_desktop_all-agents_2017-10-25,2d0637fbed49
007_スカイフォール_ja.wikipedia.org_desktop_all-agents_2017-10-25,a003c94b233b
007_スペクター_ja.wikipedia.org_desktop_all-agents_2017-10-26,77afcbe66ef9
007_スカイフォール_ja.wikipedia.org_desktop_all-agents_2017-10-26,4c4ea48ebb90
007_スペクター_ja.wikipedia.org_desktop_all-agents_2017-10-27,5142146aadf0
007_スカイフォール_ja.wikipedia.org_desktop_all-agents_2017-10-27,5e142f1b9b3e
007_スペクター_ja.wikipedia.org_desktop_all-agents_2017-10-28,18f57883c9a2
007_スカイフォール_ja.wikipedia.org_desktop_all-agents_2017-10-28,a6e0d40f9aef
007_スペクター_ja.wikipedia.org_desktop_all-agents_2017-10-29,75443c900b76
007_スカイフォール_ja.wikipedia.org_desktop_all-agents_2017-10-29,f61b30e781fa
007_スペクター_ja.wikipedia.org_desktop_all-agents_2017-10-30,32b0639b0df4
007_スカイフォール_ja.wikipedia.org_desktop_all-agents_2017-10-30,8d4b01b57a87
007_スペクター_ja.wikipedia.org_desktop_all-agents_2017-10-31,291242912773
007_スカイフォール_ja.wikipedia.org_desktop_all-agents_2017-10-31,7e49adf78dc8
007_スペクター_ja.wikipedia.org_desktop_all-agents_2017-11-01,abb1c2a6e15e
007_スカイフォール_ja.wikipedia.org_desktop_all-agents_2017-11-01,686b477e3fef
007_スペクター_ja.wikipedia.org_desktop_all-agents_2017-11-02,c39bd8229660
007_スカイフォール_ja.wikipedia.org_desktop_all-agents_2017-11-02,5a7c766a49b5
007_スペクター_ja.wikipedia.org_desktop_all-agents_2017-11-03,495443e136cf
007_スカイフォール_ja.wikipedia.org_desktop_all-agents_2017-11-03,0687dc469838
007_スペクター_ja.wikipedia.org_desktop_all-agents_2017-11-04,56d6a045d78d
007_スカイフォール_ja.wikipedia.org_desktop_all-agents_2017-11-04,aaa9d5453be4
007_スペクター_ja.wikipedia.org_desktop_all-agents_2017-11-05,c1f45faea80b
007_スカイフォール_ja.wikipedia.org_desktop_all-agents_2017-11-05,6aca7dbd744a
007_スペクター_ja.wikipedia.org_desktop_all-agents_2017-11-06,09e416220deb
007_スカイフォール_ja.wikipedia.org_desktop_all-agents_2017-11-06,91e32647c6ab
007_スペクター_ja.wikipedia.org_desktop_all-agents_2017-11-07,08ce651389c1
007_スカイフォール_ja.wikipedia.org_desktop_all-agents_2017-11-07,d8557d693af0
007_スペクター_ja.wikipedia.org_desktop_all-agents_2017-11-08,99ae47a2a9ce
007_スカイフォール_ja.wikipedia.org_desktop_all-agents_2017-11-08,c266f31479ce
007_スペクター_ja.wikipedia.org_desktop_all-agents_2017-11-09,ffeb3bf92a5c
007_スカイフォール_ja.wikipedia.org_desktop_all-agents_2017-11-09,6edfbde18a45
007_スペクター_ja.wikipedia.org_desktop_all-agents_2017-11-10,06096d2a1ec4
007_スカイフォール_ja.wikipedia.org_desktop_all-agents_2017-11-10,50ecf72ac115
007_スペクター_ja.wikipedia.org_desktop_all-agents_2017-11-11,b06fad2be019
007_スカイフォール_ja.wikipedia.org_desktop_all-agents_2017-11-11,ddaa02f14dad
007_スペクター_ja.wikipedia.org_desktop_all-agents_2017-11-12,5af5e3bb9779
007_スカイフォール_ja.wikipedia.org_desktop_all-agents_2017-11-12,0583d4429bbe
007_スペクター_ja.wikipedia.org_desktop_all-agents_2017-11-13,75278a1c22cd
007_スカイフォール_ja.wikipedia.org_desktop_all-agents_2017-11-13,7ff1fb2ed8c2
007_スペクター_ja.wikipedia.org_mobile-web_all-agents_2017-09-13,e3dc18224ec7
007_スペクター_ja.wikipedia.org_mobile-web_all-agents_2017-09-14,10fc70b14b49
007_スペクター_ja.wikipedia.org_mobile-web_all-agents_2017-09-15,fc646e2cae7e
007_スペクター_ja.wikipedia.org_mobile-web_all-agents_2017-09-16,b992c6186028
007_スペクター_ja.wikipedia.org_mobile-web_all-agents_2017-09-17,ec8713b67456
007_スペクター_ja.wikipedia.org_mobile-web_all-agents_2017-09-18,a2f7a89f9f0c
007_スペクター_ja.wikipedia.org_mobile-web_all-agents_2017-09-19,38de9a1d3109
007_スペクター_ja.wikipedia.org_mobile-web_all-agents_2017-09-20,a2759ba1c3dc
007_スペクター_ja.wikipedia.org_mobile-web_all-agents_2017-09-21,ee5238d95a83
007_スペクター_ja.wikipedia.org_mobile-web_all-agents_2017-09-22,a8445fa3b282
007_スペクター_ja.wikipedia.org_mobile-web_all-agents_2017-09-23,a6debaa33455
007_スペクター_ja.wikipedia.org_mobile-web_all-agents_2017-09-24,ce7d538b7ba7
007_スペクター_ja.wikipedia.org_mobile-web_all-agents_2017-09-25,b2709c8be1b5
007_スペクター_ja.wikipedia.org_mobile-web_all-agents_2017-09-26,89d428ed9cd2
007_スペクター_ja.wikipedia.org_mobile-web_all-agents_2017-09-27,9f3e515ee5ad
007_スペクター_ja.wikipedia.org_mobile-web_all-agents_2017-09-28,b30888671588
007_スペクター_ja.wikipedia.org_mobile-web_all-agents_2017-09-29,963e8ad78746
007_スペクター_ja.wikipedia.org_mobile-web_all-agents_2017-09-30,30e5bf1f23f0
007_スペクター_ja.wikipedia.org_mobile-web_all-agents_2017-10-01,e4271effeb3f
007_スペクター_ja.wikipedia.org_mobile-web_all-agents_2017-10-02,f07bd7141d7e
007_スペクター_ja.wikipedia.org_mobile-web_all-agents_2017-10-03,a9bea334130b
007_スペクター_ja.wikipedia.org_mobile-web_all-agents_2017-10-04,ddfdb56cd2fa
007_スペクター_ja.wikipedia.org_mobile-web_all-agents_2017-10-05,8f4b6e478f51
007_スペクター_ja.wikipedia.org_mobile-web_all-agents_2017-10-06,ac3e0da4e779
007_スペクター_ja.wikipedia.org_mobile-web_all-agents_2017-10-07,23950682a8fa
007_スペクター_ja.wikipedia.org_mobile-web_all-agents_2017-10-08,0e2807c38470
007_スペクター_ja.wikipedia.org_mobile-web_all-agents_2017-10-09,c2f71777d340
007_スペクター_ja.wikipedia.org_mobile-web_all-agents_2017-10-10,237183881601
007_スペクター_ja.wikipedia.org_mobile-web_all-agents_2017-10-11,f24d0c62d2e8
007_スペクター_ja.wikipedia.org_mobile-web_all-agents_2017-10-12,e7aa9e85020f
007_スペクター_ja.wikipedia.org_mobile-web_all-agents_2017-10-13,01bdc53a1f7f
007_スペクター_ja.wikipedia.org_mobile-web_all-agents_2017-10-14,e63b36c29ced
007_スペクター_ja.wikipedia.org_mobile-web_all-agents_2017-10-15,72b26e72b6b6
007_スペクター_ja.wikipedia.org_mobile-web_all-agents_2017-10-16,f8fa388abc56
007_スペクター_ja.wikipedia.org_mobile-web_all-agents_2017-10-17,a5e36a7bc831
007_スペクター_ja.wikipedia.org_mobile-web_all-agents_2017-10-18,62d08048d5ce
007_スペクター_ja.wikipedia.org_mobile-web_all-agents_2017-10-19,bd1b0195dcb7
007_スペクター_ja.wikipedia.org_mobile-web_all-agents_2017-10-20,ef2e81e5b02c
007_スペクター_ja.wikipedia.org_mobile-web_all-agents_2017-10-21,43161b46753f
007_スペクター_ja.wikipedia.org_mobile-web_all-agents_2017-10-22,e765ff4ac320
007_スペクター_ja.wikipedia.org_mobile-web_all-agents_2017-10-23,edf51dc2a595
007_スペクター_ja.wikipedia.org_mobile-web_all-agents_2017-10-24,807a63825aea
007_スペクター_ja.wikipedia.org_mobile-web_all-agents_2017-10-25,173ee104d41b
007_スペクター_ja.wikipedia.org_mobile-web_all-agents_2017-10-26,8e8719fc580d
007_スペクター_ja.wikipedia.org_mobile-web_all-agents_2017-10-27,866a836322fd
007_スペクター_ja.wikipedia.org_mobile-web_all-agents_2017-10-28,9e7ccb8454e2
007_スペクター_ja.wikipedia.org_mobile-web_all-agents_2017-10-29,4bef70626d13
007_スペクター_ja.wikipedia.org_mobile-web_all-agents_2017-10-30,48271167ddbf
007_スペクター_ja.wikipedia.org_mobile-web_all-agents_2017-10-31,313c846914ee
007_スペクター_ja.wikipedia.org_mobile-web_all-agents_2017-11-01,e83994c1f853
007_スペクター_ja.wikipedia.org_mobile-web_all-agents_2017-11-02,05e50e1266ef
007_スペクター_ja.wikipedia.org_mobile-web_all-agents_2017-11-03,d9d894b18270
007_スペクター_ja.wikipedia.org_mobile-web_all-agents_2017-11-04,5e2248f1f073
007_スペクター_ja.wikipedia.org_mobile-web_all-agents_2017-11-05,5cd298d0a3cd
007_スペクター_ja.wikipedia.org_mobile-web_all-agents_2017-11-06,cbcb889284b1
007_スペクター_ja.wikipedia.org_mobile-web_all-agents_2017-11-07,369fdd2992e5
007_スペクター_ja.wikipedia.org_mobile-web_all-agents_2017-11-08,d8c6bad03db0
007_スペクター_ja.wikipedia.org_mobile-web_all-agents_2017-11-09,2bcc056c68ad
007_スペクター_ja.wikipedia.org_mobile-web_all-agents_2017-11-10,e755d1daf2a2
007_スペクター_ja.wikipedia.org_mobile-web_all-agents_2017-11-11,460f9b5cb1ff
007_スペクター_ja.wikipedia.org_mobile-web_all-agents_2017-11-12,fcbcfbc7cc55
007_スペクター_ja.wikipedia.org_mobile-web_all-agents_2017-11-13,d3aae3bcc8e2
007_Spectre_fr.wikipedia.org_all-access_all-agents_2017-09-13,155c111db36c
007_Spectre_fr.wikipedia.org_all-access_all-agents_2017-09-14,be4552f70f5c
007_Spectre_fr.wikipedia.org_all-access_all-agents_2017-09-15,1a88dbbe54c0
007_Spectre_fr.wikipedia.org_all-access_all-agents_2017-09-16,104d3f0373e7
007_Spectre_fr.wikipedia.org_all-access_all-agents_2017-09-17,38b23a82c835
007_Spectre_fr.wikipedia.org_all-access_all-agents_2017-09-18,bdc9caea0182
007_Spectre_fr.wikipedia.org_all-access_all-agents_2017-09-19,d0d94760a07f
007_Spectre_fr.wikipedia.org_all-access_all-agents_2017-09-20,bf770f149334
007_Spectre_fr.wikipedia.org_all-access_all-agents_2017-09-21,ea43b0894705
007_Spectre_fr.wikipedia.org_all-access_all-agents_2017-09-22,0e986a1b8aec
007_Spectre_fr.wikipedia.org_all-access_all-agents_2017-09-23,bfa60b409d08
007_Spectre_fr.wikipedia.org_all-access_all-agents_2017-09-24,fd614ad6f9a9
007_Spectre_fr.wikipedia.org_all-access_all-agents_2017-09-25,731b4766e869
007_Spectre_fr.wikipedia.org_all-access_all-agents_2017-09-26,ed5e67982000
007_Spectre_fr.wikipedia.org_all-access_all-agents_2017-09-27,adb8fb0d5638
007_Spectre_fr.wikipedia.org_all-access_all-agents_2017-09-28,8c9f85917926
007_Spectre_fr.wikipedia.org_all-access_all-agents_2017-09-29,749695d9bb29
007_Spectre_fr.wikipedia.org_all-access_all-agents_2017-09-30,5b18815afd93
007_Spectre_fr.wikipedia.org_all-access_all-agents_2017-10-01,cfec0eff6c0d
007_Spectre_fr.wikipedia.org_all-access_all-agents_2017-10-02,0e2053da53b3
007_Spectre_fr.wikipedia.org_all-access_all-agents_2017-10-03,3ba2229a6790
007_Spectre_fr.wikipedia.org_all-access_all-agents_2017-10-04,ea515b44af8e
007_Spectre_fr.wikipedia.org_all-access_all-agents_2017-10-05,19a4ec254638
007_Spectre_fr.wikipedia.org_all-access_all-agents_2017-10-06,5c578a4dc51d
007_Spectre_fr.wikipedia.org_all-access_all-agents_2017-10-07,263019e4d3cd
007_Spectre_fr.wikipedia.org_all-access_all-agents_2017-10-08,f4186f639c3e
007_Spectre_fr.wikipedia.org_all-access_all-agents_2017-10-09,76f3be897d8b
007_Spectre_fr.wikipedia.org_all-access_all-agents_2017-10-10,0561d8c3742f
007_Spectre_fr.wikipedia.org_all-access_all-agents_2017-10-11,d19fe180c0ef
007_Spectre_fr.wikipedia.org_all-access_all-agents_2017-10-12,96f8c408ee31
007_Spectre_fr.wikipedia.org_all-access_all-agents_2017-10-13,4297c3ff5217
007_Spectre_fr.wikipedia.org_all-access_all-agents_2017-10-14,0547a20cdec3
007_Spectre_fr.wikipedia.org_all-access_all-agents_2017-10-15,1167550e7eb5
007_Spectre_fr.wikipedia.org_all-access_all-agents_2017-10-16,a426545b3270
007_Spectre_fr.wikipedia.org_all-access_all-agents_2017-10-17,1638a608ece5
007_Spectre_fr.wikipedia.org_all-access_all-agents_2017-10-18,360ef1dc10d6
007_Spectre_fr.wikipedia.org_all-access_all-agents_2017-10-19,cb8176e41451
007_Spectre_fr.wikipedia.org_all-access_all-agents_2017-10-20,145748b1ffbd
007_Spectre_fr.wikipedia.org_all-access_all-agents_2017-10-21,afd4cc883fc1
007_Spectre_fr.wikipedia.org_all-access_all-agents_2017-10-22,90bde414ea53
007_Spectre_fr.wikipedia.org_all-access_all-agents_2017-10-23,1e2ef3385daa
007_Spectre_fr.wikipedia.org_all-access_all-agents_2017-10-24,6e9c69f122d8
007_Spectre_fr.wikipedia.org_all-access_all-agents_2017-10-25,35214931a89a
007_Spectre_fr.wikipedia.org_all-access_all-agents_2017-10-26,7ca0c37a45ff
007_Spectre_fr.wikipedia.org_all-access_all-agents_2017-10-27,25b0e842ee83
007_Spectre_fr.wikipedia.org_all-access_all-agents_2017-10-28,55be705dc70d
007_Spectre_fr.wikipedia.org_all-access_all-agents_2017-10-29,58a235453348
007_Spectre_fr.wikipedia.org_all-access_all-agents_2017-10-30,e7d69e1249ed
007_Spectre_fr.wikipedia.org_all-access_all-agents_2017-10-31,6cabc25aebe0
007_Spectre_fr.wikipedia.org_all-access_all-agents_2017-11-01,9fceb893870c
007_Spectre_fr.wikipedia.org_all-access_all-agents_2017-11-02,66663b5e63df
007_Spectre_fr.wikipedia.org_all-access_all-agents_2017-11-03,a56938868bc1
007_Spectre_fr.wikipedia.org_all-access_all-agents_2017-11-04,8a6a0b1e0c5c
007_Spectre_fr.wikipedia.org_all-access_all-agents_2017-11-05,5050e6b46a35
007_Spectre_fr.wikipedia.org_all-access_all-agents_2017-11-06,8277699f3bf2
007_Spectre_fr.wikipedia.org_all-access_all-agents_2017-11-07,225033c4425c
007_Spectre_fr.wikipedia.org_all-access_all-agents_2017-11-08,674b1fea2bd5
007_Spectre_fr.wikipedia.org_all-access_all-agents_2017-11-09,6c12fd872b6e
007_Spectre_fr.wikipedia.org_all-access_all-agents_2017-11-10,76e78e1bc240
007_Spectre_fr.wikipedia.org_all-access_all-agents_2017-11-11,4d4d062e0ed1
007_Spectre_fr.wikipedia.org_all-access_all-agents_2017-11-12,c72659a3747e
007_Spectre_fr.wikipedia.org_all-access_all-agents_2017-11-13,eb8e5d74e337
007_Spectre_fr.wikipedia.org_all-access_spider_2017-09-13,60572b6dad59
007_Spectre_fr.wikipedia.org_all-access_spider_2017-09-14,8e5be1d19c95
007_Spectre_fr.wikipedia.org_all-access_spider_2017-09-15,a0a3912bd009
007_Spectre_fr.wikipedia.org_all-access_spider_2017-09-16,8de133a37840
007_Spectre_fr.wikipedia.org_all-access_spider_2017-09-17,26ec4807bc8f
007_Spectre_fr.wikipedia.org_all-access_spider_2017-09-18,246d9ac13f7d
007_Spectre_fr.wikipedia.org_all-access_spider_2017-09-19,32be03ef0f88
007_Spectre_fr.wikipedia.org_all-access_spider_2017-09-20,ab2e47a59792
007_Spectre_fr.wikipedia.org_all-access_spider_2017-09-21,340e9ea1a7c8
007_Spectre_fr.wikipedia.org_all-access_spider_2017-09-22,cea28c0e7925
007_Spectre_fr.wikipedia.org_all-access_spider_2017-09-23,6c6e570593f2
007_Spectre_fr.wikipedia.org_all-access_spider_2017-09-24,00e6072fcbb5
007_Spectre_fr.wikipedia.org_all-access_spider_2017-09-25,c33dc074d125
007_Spectre_fr.wikipedia.org_all-access_spider_2017-09-26,4b42df9e4d49
007_Spectre_fr.wikipedia.org_all-access_spider_2017-09-27,b1657508e104
007_Spectre_fr.wikipedia.org_all-access_spider_2017-09-28,b20dacc35e06
007_Spectre_fr.wikipedia.org_all-access_spider_2017-09-29,313f4b77c8dd
007_Spectre_fr.wikipedia.org_all-access_spider_2017-09-30,222aae61eedc
007_Spectre_fr.wikipedia.org_all-access_spider_2017-10-01,9b663414dd23
007_Spectre_fr.wikipedia.org_all-access_spider_2017-10-02,be9b94933b67
007_Spectre_fr.wikipedia.org_all-access_spider_2017-10-03,17ae2026278a
007_Spectre_fr.wikipedia.org_all-access_spider_2017-10-04,2a4e945597fa
007_Spectre_fr.wikipedia.org_all-access_spider_2017-10-05,b8220f14657b
007_Spectre_fr.wikipedia.org_all-access_spider_2017-10-06,6d701f4dee46
007_Spectre_fr.wikipedia.org_all-access_spider_2017-10-07,e34ad01106b2
007_Spectre_fr.wikipedia.org_all-access_spider_2017-10-08,b4466e798b9a
007_Spectre_fr.wikipedia.org_all-access_spider_2017-10-09,9736d3036601
007_Spectre_fr.wikipedia.org_all-access_spider_2017-10-10,edcd546aac43
007_Spectre_fr.wikipedia.org_all-access_spider_2017-10-11,61fd0054f006
007_Spectre_fr.wikipedia.org_all-access_spider_2017-10-12,932945ddf485
007_Spectre_fr.wikipedia.org_all-access_spider_2017-10-13,94d192ac094a
007_Spectre_fr.wikipedia.org_all-access_spider_2017-10-14,230f611f96f9
007_Spectre_fr.wikipedia.org_all-access_spider_2017-10-15,ebf00c93bd5f
007_Spectre_fr.wikipedia.org_all-access_spider_2017-10-16,fd814b4754db
007_Spectre_fr.wikipedia.org_all-access_spider_2017-10-17,980c49f9fc49
007_Spectre_fr.wikipedia.org_all-access_spider_2017-10-18,bec948512fb1
007_Spectre_fr.wikipedia.org_all-access_spider_2017-10-19,6582fbc73215
007_Spectre_fr.wikipedia.org_all-access_spider_2017-10-20,b71e6476f170
007_Spectre_fr.wikipedia.org_all-access_spider_2017-10-21,55bc8e4856e4
007_Spectre_fr.wikipedia.org_all-access_spider_2017-10-22,0f3a5883a30c
007_Spectre_fr.wikipedia.org_all-access_spider_2017-10-23,d7b31ec2943c
007_Spectre_fr.wikipedia.org_all-access_spider_2017-10-24,2e91eb7d3424
007_Spectre_fr.wikipedia.org_all-access_spider_2017-10-25,c0e812072004
007_Spectre_fr.wikipedia.org_all-access_spider_2017-10-26,bd5bada3bbb8
007_Spectre_fr.wikipedia.org_all-access_spider_2017-10-27,2b25aeed365e
007_Spectre_fr.wikipedia.org_all-access_spider_2017-10-28,254d42cf3e77
007_Spectre_fr.wikipedia.org_all-access_spider_2017-10-29,9d0a5f885a20
007_Spectre_fr.wikipedia.org_all-access_spider_2017-10-30,3f8768f30293
007_Spectre_fr.wikipedia.org_all-access_spider_2017-10-31,e586a0989e14
007_Spectre_fr.wikipedia.org_all-access_spider_2017-11-01,a81a6f8b9539
007_Spectre_fr.wikipedia.org_all-access_spider_2017-11-02,31748e0cbb69
007_Spectre_fr.wikipedia.org_all-access_spider_2017-11-03,cf8ae016d978
007_Spectre_fr.wikipedia.org_all-access_spider_2017-11-04,87070f36a023
007_Spectre_fr.wikipedia.org_all-access_spider_2017-11-05,8211fb895ab8
007_Spectre_fr.wikipedia.org_all-access_spider_2017-11-06,72ac5f925d4b
007_Spectre_fr.wikipedia.org_all-access_spider_2017-11-07,7d57a4ad2904
007_Spectre_fr.wikipedia.org_all-access_spider_2017-11-08,9e09cd3a9f7d
007_Spectre_fr.wikipedia.org_all-access_spider_2017-11-09,f670feef9d41
007_Spectre_fr.wikipedia.org_all-access_spider_2017-11-10,b9ce984b422b
007_Spectre_fr.wikipedia.org_all-access_spider_2017-11-11,993299e3ae87
007_Spectre_fr.wikipedia.org_all-access_spider_2017-11-12,b97f4842f421
007_Spectre_fr.wikipedia.org_all-access_spider_2017-11-13,0c31ead61c89
007_Spectre_fr.wikipedia.org_desktop_all-agents_2017-09-13,49f3ef4e8a8d
007_Spectre_fr.wikipedia.org_desktop_all-agents_2017-09-14,b1c749c4ac1c
007_Spectre_fr.wikipedia.org_desktop_all-agents_2017-09-15,15669f03a897
007_Spectre_fr.wikipedia.org_desktop_all-agents_2017-09-16,b38c1855b9e8
007_Spectre_fr.wikipedia.org_desktop_all-agents_2017-09-17,609ed57f2898
007_Spectre_fr.wikipedia.org_desktop_all-agents_2017-09-18,c74c966437f7
007_Spectre_fr.wikipedia.org_desktop_all-agents_2017-09-19,9b8f416b3cb6
007_Spectre_fr.wikipedia.org_desktop_all-agents_2017-09-20,6690216b0d15
007_Spectre_fr.wikipedia.org_desktop_all-agents_2017-09-21,b4fdb50605b1
007_Spectre_fr.wikipedia.org_desktop_all-agents_2017-09-22,9b15e39e0f51
007_Spectre_fr.wikipedia.org_desktop_all-agents_2017-09-23,045601fdfbc1
007_Spectre_fr.wikipedia.org_desktop_all-agents_2017-09-24,08257f927deb
007_Spectre_fr.wikipedia.org_desktop_all-agents_2017-09-25,6fb59ee649fa
007_Spectre_fr.wikipedia.org_desktop_all-agents_2017-09-26,48fd29487307
007_Spectre_fr.wikipedia.org_desktop_all-agents_2017-09-27,c93ec8bbf16b
007_Spectre_fr.wikipedia.org_desktop_all-agents_2017-09-28,29fdbf03036f
007_Spectre_fr.wikipedia.org_desktop_all-agents_2017-09-29,1c863aea1720
007_Spectre_fr.wikipedia.org_desktop_all-agents_2017-09-30,252d69c3f976
007_Spectre_fr.wikipedia.org_desktop_all-agents_2017-10-01,e43b39e48d44
007_Spectre_fr.wikipedia.org_desktop_all-agents_2017-10-02,eb1997bb09eb
007_Spectre_fr.wikipedia.org_desktop_all-agents_2017-10-03,e0565bc5ef7b
007_Spectre_fr.wikipedia.org_desktop_all-agents_2017-10-04,8b7acc70b31c
007_Spectre_fr.wikipedia.org_desktop_all-agents_2017-10-05,56888a3c724a
007_Spectre_fr.wikipedia.org_desktop_all-agents_2017-10-06,96d49ef825c5
007_Spectre_fr.wikipedia.org_desktop_all-agents_2017-10-07,0f22327617ca
007_Spectre_fr.wikipedia.org_desktop_all-agents_2017-10-08,dd0425f2fd62
007_Spectre_fr.wikipedia.org_desktop_all-agents_2017-10-09,b6a66c71ba2b
007_Spectre_fr.wikipedia.org_desktop_all-agents_2017-10-10,29d34c457fd4
007_Spectre_fr.wikipedia.org_desktop_all-agents_2017-10-11,5e29b0907864
007_Spectre_fr.wikipedia.org_desktop_all-agents_2017-10-12,eb4de2a19ffe
007_Spectre_fr.wikipedia.org_desktop_all-agents_2017-10-13,2109c4a8fb21
007_Spectre_fr.wikipedia.org_desktop_all-agents_2017-10-14,db52f15460a8
007_Spectre_fr.wikipedia.org_desktop_all-agents_2017-10-15,cfa576ec66f2
007_Spectre_fr.wikipedia.org_desktop_all-agents_2017-10-16,bb7beea55597
007_Spectre_fr.wikipedia.org_desktop_all-agents_2017-10-17,1b434a6a061c
007_Spectre_fr.wikipedia.org_desktop_all-agents_2017-10-18,ffd2548240c3
007_Spectre_fr.wikipedia.org_desktop_all-agents_2017-10-19,fca1596c7053
007_Spectre_fr.wikipedia.org_desktop_all-agents_2017-10-20,b0452df15ab7
007_Spectre_fr.wikipedia.org_desktop_all-agents_2017-10-21,1e10ddd2699e
007_Spectre_fr.wikipedia.org_desktop_all-agents_2017-10-22,6ec40fb3af86
007_Spectre_fr.wikipedia.org_desktop_all-agents_2017-10-23,2a7eda77a907
007_Spectre_fr.wikipedia.org_desktop_all-agents_2017-10-24,287fd1a25382
007_Spectre_fr.wikipedia.org_desktop_all-agents_2017-10-25,1570c3b3e5d8
007_Spectre_fr.wikipedia.org_desktop_all-agents_2017-10-26,0cb287c77934
007_Spectre_fr.wikipedia.org_desktop_all-agents_2017-10-27,4c11034e8588
007_Spectre_fr.wikipedia.org_desktop_all-agents_2017-10-28,0ba50a3a529c
007_Spectre_fr.wikipedia.org_desktop_all-agents_2017-10-29,3f63675b85fc
007_Spectre_fr.wikipedia.org_desktop_all-agents_2017-10-30,d9e3f3eb7fe4
007_Spectre_fr.wikipedia.org_desktop_all-agents_2017-10-31,5723e63a70b7
007_Spectre_fr.wikipedia.org_desktop_all-agents_2017-11-01,35eefa5fe27f
007_Spectre_fr.wikipedia.org_desktop_all-agents_2017-11-02,2701c7e8394b
007_Spectre_fr.wikipedia.org_desktop_all-agents_2017-11-03,48ba2d0b546d
007_Spectre_fr.wikipedia.org_desktop_all-agents_2017-11-04,cd5fee3271f6
007_Spectre_fr.wikipedia.org_desktop_all-agents_2017-11-05,b83f12d81fde
007_Spectre_fr.wikipedia.org_desktop_all-agents_2017-11-06,0e17fea248ba
007_Spectre_fr.wikipedia.org_desktop_all-agents_2017-11-07,6901505719b9
007_Spectre_fr.wikipedia.org_desktop_all-agents_2017-11-08,f420858725d9
007_Spectre_fr.wikipedia.org_desktop_all-agents_2017-11-09,190249e16929
007_Spectre_fr.wikipedia.org_desktop_all-agents_2017-11-10,6d60305abfda
007_Spectre_fr.wikipedia.org_desktop_all-agents_2017-11-11,c3637ce7f073
007_Spectre_fr.wikipedia.org_desktop_all-agents_2017-11-12,31f22c5b434b
007_Spectre_fr.wikipedia.org_desktop_all-agents_2017-11-13,beec257272ad
007_Spectre_fr.wikipedia.org_mobile-web_all-agents_2017-09-13,f3b313c5f1ed
007_Spectre_fr.wikipedia.org_mobile-web_all-agents_2017-09-14,774e28c5fd34
007_Spectre_fr.wikipedia.org_mobile-web_all-agents_2017-09-15,51ae98f5c66f
007_Spectre_fr.wikipedia.org_mobile-web_all-agents_2017-09-16,492cf428a467
