Page,Id
!vote_en.wikipedia.org_all-access_all-agents_2017-01-01,bf4edcf969af
!vote_en.wikipedia.org_all-access_all-agents_2017-01-02,929ed2bf52b9
!vote_en.wikipedia.org_all-access_all-agents_2017-01-03,ff29d0f51d5c
!vote_en.wikipedia.org_all-access_all-agents_2017-01-04,e98873359be6
!vote_en.wikipedia.org_all-access_all-agents_2017-01-05,fa012434263a
!vote_en.wikipedia.org_all-access_all-agents_2017-01-06,48f1e93517a2
!vote_en.wikipedia.org_all-access_all-agents_2017-01-07,5def418fcb36
!vote_en.wikipedia.org_all-access_all-agents_2017-01-08,77bd08134351
!vote_en.wikipedia.org_all-access_all-agents_2017-01-09,5889e6dbb16f
!vote_en.wikipedia.org_all-access_all-agents_2017-01-10,5f21fef1d764
!vote_en.wikipedia.org_all-access_all-agents_2017-01-11,6f07e1b8815a
!vote_en.wikipedia.org_all-access_all-agents_2017-01-12,228e54b5dea0
!vote_en.wikipedia.org_all-access_all-agents_2017-01-13,da1b34963ed7
!vote_en.wikipedia.org_all-access_all-agents_2017-01-14,ab5ccefaa2db
!vote_en.wikipedia.org_all-access_all-agents_2017-01-15,cbf42873ebf1
!vote_en.wikipedia.org_all-access_all-agents_2017-01-16,ac67e35ed44e
!vote_en.wikipedia.org_all-access_all-agents_2017-01-17,88c098aa640d
!vote_en.wikipedia.org_all-access_all-agents_2017-01-18,7c72842a89d1
!vote_en.wikipedia.org_all-access_all-agents_2017-01-19,8ce002f2c329
!vote_en.wikipedia.org_all-access_all-agents_2017-01-20,5f72d9920560
!vote_en.wikipedia.org_all-access_all-agents_2017-01-21,f93afd7f5d9b
!vote_en.wikipedia.org_all-access_all-agents_2017-01-22,14011cb66f2d
!vote_en.wikipedia.org_all-access_all-agents_2017-01-23,0065551ac465
!vote_en.wikipedia.org_all-access_all-agents_2017-01-24,175f1872729e
!vote_en.wikipedia.org_all-access_all-agents_2017-01-25,31d756e83124
!vote_en.wikipedia.org_all-access_all-agents_2017-01-26,e186c2363c5e
!vote_en.wikipedia.org_all-access_all-agents_2017-01-27,3bce56c2b977
!vote_en.wikipedia.org_all-access_all-agents_2017-01-28,d497981dce77
!vote_en.wikipedia.org_all-access_all-agents_2017-01-29,c813cec10548
!vote_en.wikipedia.org_all-access_all-agents_2017-01-30,5123e0ed62c9
!vote_en.wikipedia.org_all-access_all-agents_2017-01-31,d9afcbdcb5fa
!vote_en.wikipedia.org_all-access_all-agents_2017-02-01,9cea49b145be
!vote_en.wikipedia.org_all-access_all-agents_2017-02-02,662d1762fe62
!vote_en.wikipedia.org_all-access_all-agents_2017-02-03,f11a8e84ce71
!vote_en.wikipedia.org_all-access_all-agents_2017-02-04,f5767abcc47a
!vote_en.wikipedia.org_all-access_all-agents_2017-02-05,5c8b09ee5606
!vote_en.wikipedia.org_all-access_all-agents_2017-02-06,543136d951a2
!vote_en.wikipedia.org_all-access_all-agents_2017-02-07,367a7aac0d12
!vote_en.wikipedia.org_all-access_all-agents_2017-02-08,2228d2279bcd
!vote_en.wikipedia.org_all-access_all-agents_2017-02-09,83845c1c3a5e
!vote_en.wikipedia.org_all-access_all-agents_2017-02-10,c81e6ace9542
!vote_en.wikipedia.org_all-access_all-agents_2017-02-11,e0db2882c6d5
!vote_en.wikipedia.org_all-access_all-agents_2017-02-12,7241dd6f9689
!vote_en.wikipedia.org_all-access_all-agents_2017-02-13,66cac602b17e
!vote_en.wikipedia.org_all-access_all-agents_2017-02-14,60a992e1191b
!vote_en.wikipedia.org_all-access_all-agents_2017-02-15,5905cba108cf
!vote_en.wikipedia.org_all-access_all-agents_2017-02-16,28d984d4f714
!vote_en.wikipedia.org_all-access_all-agents_2017-02-17,d2eb53b48c1b
!vote_en.wikipedia.org_all-access_all-agents_2017-02-18,0d2f1b595ba3
!vote_en.wikipedia.org_all-access_all-agents_2017-02-19,57b06c927c70
!vote_en.wikipedia.org_all-access_all-agents_2017-02-20,631c87cabf7f
!vote_en.wikipedia.org_all-access_all-agents_2017-02-21,1955bd7a9816
!vote_en.wikipedia.org_all-access_all-agents_2017-02-22,e80335ecc8ef
!vote_en.wikipedia.org_all-access_all-agents_2017-02-23,9245e4a0d121
!vote_en.wikipedia.org_all-access_all-agents_2017-02-24,452368dcf3be
!vote_en.wikipedia.org_all-access_all-agents_2017-02-25,83fb585dfc58
!vote_en.wikipedia.org_all-access_all-agents_2017-02-26,44a54e349d1b
!vote_en.wikipedia.org_all-access_all-agents_2017-02-27,31821ddbbda4
!vote_en.wikipedia.org_all-access_all-agents_2017-02-28,2414c3e6dd97
!vote_en.wikipedia.org_all-access_all-agents_2017-03-01,0cfde109bcf5
!vote_en.wikipedia.org_all-access_spider_2017-01-01,0323b4404f97
!vote_en.wikipedia.org_all-access_spider_2017-01-02,b4062ccc069e
!vote_en.wikipedia.org_all-access_spider_2017-01-03,38f87123a467
!vote_en.wikipedia.org_all-access_spider_2017-01-04,216e822463b2
!vote_en.wikipedia.org_all-access_spider_2017-01-05,a3c324619a90
!vote_en.wikipedia.org_all-access_spider_2017-01-06,7f39602bb877
!vote_en.wikipedia.org_all-access_spider_2017-01-07,1f54f77dce7b
!vote_en.wikipedia.org_all-access_spider_2017-01-08,d348d89fe988
!vote_en.wikipedia.org_all-access_spider_2017-01-09,a90511986560
!vote_en.wikipedia.org_all-access_spider_2017-01-10,9ae549b8f446
!vote_en.wikipedia.org_all-access_spider_2017-01-11,00547d152f35
!vote_en.wikipedia.org_all-access_spider_2017-01-12,3adce75e3b18
!vote_en.wikipedia.org_all-access_spider_2017-01-13,c67592a1860d
!vote_en.wikipedia.org_all-access_spider_2017-01-14,1d262113353b
!vote_en.wikipedia.org_all-access_spider_2017-01-15,d2a50f8b998e
!vote_en.wikipedia.org_all-access_spider_2017-01-16,30a2cec081b5
!vote_en.wikipedia.org_all-access_spider_2017-01-17,c5b578d915aa
!vote_en.wikipedia.org_all-access_spider_2017-01-18,f73410817d40
!vote_en.wikipedia.org_all-access_spider_2017-01-19,fb79e6121cb0
!vote_en.wikipedia.org_all-access_spider_2017-01-20,c000d85d93a6
!vote_en.wikipedia.org_all-access_spider_2017-01-21,d98a37f3ecb4
!vote_en.wikipedia.org_all-access_spider_2017-01-22,851fd616f338
!vote_en.wikipedia.org_all-access_spider_2017-01-23,331be32f9a22
!vote_en.wikipedia.org_all-access_spider_2017-01-24,f858c950dbd3
!vote_en.wikipedia.org_all-access_spider_2017-01-25,1b4bd720bddb
!vote_en.wikipedia.org_all-access_spider_2017-01-26,d730e653eb16
!vote_en.wikipedia.org_all-access_spider_2017-01-27,146fdea7a542
!vote_en.wikipedia.org_all-access_spider_2017-01-28,8c0f5d668c6f
!vote_en.wikipedia.org_all-access_spider_2017-01-29,4a3a21a3c9e8
!vote_en.wikipedia.org_all-access_spider_2017-01-30,a2802c06769f
!vote_en.wikipedia.org_all-access_spider_2017-01-31,1341e1930e29
!vote_en.wikipedia.org_all-access_spider_2017-02-01,ab06891af01a
!vote_en.wikipedia.org_all-access_spider_2017-02-02,8f05ff05a3fd
!vote_en.wikipedia.org_all-access_spider_2017-02-03,e45d72be6250
!vote_en.wikipedia.org_all-access_spider_2017-02-04,559f9add3d7d
!vote_en.wikipedia.org_all-access_spider_2017-02-05,13a104478972
!vote_en.wikipedia.org_all-access_spider_2017-02-06,fa681d9e7182
!vote_en.wikipedia.org_all-access_spider_2017-02-07,56d00d0e37c9
!vote_en.wikipedia.org_all-access_spider_2017-02-08,6dfe1ea1efa3
!vote_en.wikipedia.org_all-access_spider_2017-02-09,fcc8e4ed2874
!vote_en.wikipedia.org_all-access_spider_2017-02-10,3c2fccf2480f
!vote_en.wikipedia.org_all-access_spider_2017-02-11,51ab2a17898f
!vote_en.wikipedia.org_all-access_spider_2017-02-12,dd6cc47b3652
!vote_en.wikipedia.org_all-access_spider_2017-02-13,5dab505ea506
!vote_en.wikipedia.org_all-access_spider_2017-02-14,0bf245ab0da7
!vote_en.wikipedia.org_all-access_spider_2017-02-15,b1e237948190
!vote_en.wikipedia.org_all-access_spider_2017-02-16,3d8961aa8d79
!vote_en.wikipedia.org_all-access_spider_2017-02-17,20d2da6e47eb
!vote_en.wikipedia.org_all-access_spider_2017-02-18,9aaf2066cd86
!vote_en.wikipedia.org_all-access_spider_2017-02-19,f6f56ae4013b
!vote_en.wikipedia.org_all-access_spider_2017-02-20,018b5ee2ec90
!vote_en.wikipedia.org_all-access_spider_2017-02-21,35d67a9d95eb
!vote_en.wikipedia.org_all-access_spider_2017-02-22,a8f5e702ed79
!vote_en.wikipedia.org_all-access_spider_2017-02-23,56c4e4bf9a85
!vote_en.wikipedia.org_all-access_spider_2017-02-24,9a240e6b3887
!vote_en.wikipedia.org_all-access_spider_2017-02-25,2d36ecd46208
!vote_en.wikipedia.org_all-access_spider_2017-02-26,69ddd790be14
!vote_en.wikipedia.org_all-access_spider_2017-02-27,6be15a32f26c
!vote_en.wikipedia.org_all-access_spider_2017-02-28,f2978ad68f9d
!vote_en.wikipedia.org_all-access_spider_2017-03-01,cd7b8fc037e4
!vote_en.wikipedia.org_desktop_all-agents_2017-01-01,f55b7f563142
!vote_en.wikipedia.org_desktop_all-agents_2017-01-02,e1bc37766c4b
!vote_en.wikipedia.org_desktop_all-agents_2017-01-03,a7bf825c70aa
!vote_en.wikipedia.org_desktop_all-agents_2017-01-04,775e987cd901
!vote_en.wikipedia.org_desktop_all-agents_2017-01-05,af0dd6941466
!vote_en.wikipedia.org_desktop_all-agents_2017-01-06,3238be0e83a1
!vote_en.wikipedia.org_desktop_all-agents_2017-01-07,6f505e55079f
!vote_en.wikipedia.org_desktop_all-agents_2017-01-08,9e4cc4d164ea
!vote_en.wikipedia.org_desktop_all-agents_2017-01-09,375f12b700aa
!vote_en.wikipedia.org_desktop_all-agents_2017-01-10,1f047865e215
!vote_en.wikipedia.org_desktop_all-agents_2017-01-11,c6b6c9069fa1
!vote_en.wikipedia.org_desktop_all-agents_2017-01-12,ae0eeede9486
!vote_en.wikipedia.org_desktop_all-agents_2017-01-13,65bd8ef16e85
!vote_en.wikipedia.org_desktop_all-agents_2017-01-14,00fddf7136fa
!vote_en.wikipedia.org_desktop_all-agents_2017-01-15,e98e390d9804
!vote_en.wikipedia.org_desktop_all-agents_2017-01-16,ace0c296dec2
!vote_en.wikipedia.org_desktop_all-agents_2017-01-17,d01e3685eaf4
!vote_en.wikipedia.org_desktop_all-agents_2017-01-18,a92a51d4995d
!vote_en.wikipedia.org_desktop_all-agents_2017-01-19,162dcbda5cbe
!vote_en.wikipedia.org_desktop_all-agents_2017-01-20,e8aeb0490da2
!vote_en.wikipedia.org_desktop_all-agents_2017-01-21,537395df5e75
!vote_en.wikipedia.org_desktop_all-agents_2017-01-22,1d54a66d7821
!vote_en.wikipedia.org_desktop_all-agents_2017-01-23,4dbe3f1e7d42
!vote_en.wikipedia.org_desktop_all-agents_2017-01-24,f84cb4611c53
!vote_en.wikipedia.org_desktop_all-agents_2017-01-25,a2937be6ba13
!vote_en.wikipedia.org_desktop_all-agents_2017-01-26,562ae2b0d90b
!vote_en.wikipedia.org_desktop_all-agents_2017-01-27,00edf6200fd6
!vote_en.wikipedia.org_desktop_all-agents_2017-01-28,aa80c7566dec
!vote_en.wikipedia.org_desktop_all-agents_2017-01-29,a948f3c116dc
!vote_en.wikipedia.org_desktop_all-agents_2017-01-30,605a7c6b239a
!vote_en.wikipedia.org_desktop_all-agents_2017-01-31,60fcfac0824c
!vote_en.wikipedia.org_desktop_all-agents_2017-02-01,7fa9c743c887
!vote_en.wikipedia.org_desktop_all-agents_2017-02-02,5a36db5d7199
!vote_en.wikipedia.org_desktop_all-agents_2017-02-03,33691717b567
!vote_en.wikipedia.org_desktop_all-agents_2017-02-04,710be7606fba
!vote_en.wikipedia.org_desktop_all-agents_2017-02-05,ae6264ee2382
!vote_en.wikipedia.org_desktop_all-agents_2017-02-06,e1b6effeeed5
!vote_en.wikipedia.org_desktop_all-agents_2017-02-07,dc60ddbfb377
!vote_en.wikipedia.org_desktop_all-agents_2017-02-08,3e16a6499cc3
!vote_en.wikipedia.org_desktop_all-agents_2017-02-09,45d7dfc4f0f2
!vote_en.wikipedia.org_desktop_all-agents_2017-02-10,8d2d26eca869
!vote_en.wikipedia.org_desktop_all-agents_2017-02-11,b6b002129963
!vote_en.wikipedia.org_desktop_all-agents_2017-02-12,ddfd31648c6d
!vote_en.wikipedia.org_desktop_all-agents_2017-02-13,6fa81a479203
!vote_en.wikipedia.org_desktop_all-agents_2017-02-14,4ee54397f52a
!vote_en.wikipedia.org_desktop_all-agents_2017-02-15,8ed9971cdc58
!vote_en.wikipedia.org_desktop_all-agents_2017-02-16,279834d2799a
!vote_en.wikipedia.org_desktop_all-agents_2017-02-17,494a104ac5bb
!vote_en.wikipedia.org_desktop_all-agents_2017-02-18,eb7009beb26a
!vote_en.wikipedia.org_desktop_all-agents_2017-02-19,af146ce79cc4
!vote_en.wikipedia.org_desktop_all-agents_2017-02-20,1a8e042dc05f
!vote_en.wikipedia.org_desktop_all-agents_2017-02-21,1f42b8cab6ed
!vote_en.wikipedia.org_desktop_all-agents_2017-02-22,b907b23b01ca
!vote_en.wikipedia.org_desktop_all-agents_2017-02-23,2f773e02f1fa
!vote_en.wikipedia.org_desktop_all-agents_2017-02-24,6928e6e87ee6
!vote_en.wikipedia.org_desktop_all-agents_2017-02-25,b482952d32e2
!vote_en.wikipedia.org_desktop_all-agents_2017-02-26,6d3e8cfe35ad
!vote_en.wikipedia.org_desktop_all-agents_2017-02-27,dd3468d56a40
!vote_en.wikipedia.org_desktop_all-agents_2017-02-28,2c44b9f59237
!vote_en.wikipedia.org_desktop_all-agents_2017-03-01,a3776648b927
????:Andrey_Belloly_1.jpg_ru.wikipedia.org_all-access_all-agents_2017-01-01,66a5f54b1af0
????:Andrey_Belloly_1.jpg_ru.wikipedia.org_all-access_all-agents_2017-01-02,5d20d4ee0f96
????:Andrey_Belloly_1.jpg_ru.wikipedia.org_all-access_all-agents_2017-01-03,9c8d21333473
????:Andrey_Belloly_1.jpg_ru.wikipedia.org_all-access_all-agents_2017-01-04,55ba50e3af0b
????:Andrey_Belloly_1.jpg_ru.wikipedia.org_all-access_all-agents_2017-01-05,0998a19199d1
????:Andrey_Belloly_1.jpg_ru.wikipedia.org_all-access_all-agents_2017-01-06,099a37db7b2d
????:Andrey_Belloly_1.jpg_ru.wikipedia.org_all-access_all-agents_2017-01-07,01403c250f42
????:Andrey_Belloly_1.jpg_ru.wikipedia.org_all-access_all-agents_2017-01-08,f4ddef2f69d2
????:Andrey_Belloly_1.jpg_ru.wikipedia.org_all-access_all-agents_2017-01-09,5a513ab4fa11
????:Andrey_Belloly_1.jpg_ru.wikipedia.org_all-access_all-agents_2017-01-10,56780989723d
????:Andrey_Belloly_1.jpg_ru.wikipedia.org_all-access_all-agents_2017-01-11,1738fa63b149
????:Andrey_Belloly_1.jpg_ru.wikipedia.org_all-access_all-agents_2017-01-12,dec009724268
????:Andrey_Belloly_1.jpg_ru.wikipedia.org_all-access_all-agents_2017-01-13,3e0c1f08429a
????:Andrey_Belloly_1.jpg_ru.wikipedia.org_all-access_all-agents_2017-01-14,cadfc879afac
????:Andrey_Belloly_1.jpg_ru.wikipedia.org_all-access_all-agents_2017-01-15,a798987b74f3
????:Andrey_Belloly_1.jpg_ru.wikipedia.org_all-access_all-agents_2017-01-16,a096cb9d8a06
????:Andrey_Belloly_1.jpg_ru.wikipedia.org_all-access_all-agents_2017-01-17,973acf53bbfb
????:Andrey_Belloly_1.jpg_ru.wikipedia.org_all-access_all-agents_2017-01-18,87c3a58f98f8
????:Andrey_Belloly_1.jpg_ru.wikipedia.org_all-access_all-agents_2017-01-19,d3d2f360d7a5
????:Andrey_Belloly_1.jpg_ru.wikipedia.org_all-access_all-agents_2017-01-20,b87031936306
????:Andrey_Belloly_1.jpg_ru.wikipedia.org_all-access_all-agents_2017-01-21,62d2370675a2
????:Andrey_Belloly_1.jpg_ru.wikipedia.org_all-access_all-agents_2017-01-22,5bd2fd6972e6
????:Andrey_Belloly_1.jpg_ru.wikipedia.org_all-access_all-agents_2017-01-23,77e8532b5bf5
????:Andrey_Belloly_1.jpg_ru.wikipedia.org_all-access_all-agents_2017-01-24,c2057b092696
????:Andrey_Belloly_1.jpg_ru.wikipedia.org_all-access_all-agents_2017-01-25,44cc5971a695
????:Andrey_Belloly_1.jpg_ru.wikipedia.org_all-access_all-agents_2017-01-26,26122d216bf1
????:Andrey_Belloly_1.jpg_ru.wikipedia.org_all-access_all-agents_2017-01-27,dc6e0e311db6
????:Andrey_Belloly_1.jpg_ru.wikipedia.org_all-access_all-agents_2017-01-28,ca07dd299aa6
????:Andrey_Belloly_1.jpg_ru.wikipedia.org_all-access_all-agents_2017-01-29,410f97b7e782
????:Andrey_Belloly_1.jpg_ru.wikipedia.org_all-access_all-agents_2017-01-30,8b802ad9db5c
????:Andrey_Belloly_1.jpg_ru.wikipedia.org_all-access_all-agents_2017-01-31,1ce1f1686466
????:Andrey_Belloly_1.jpg_ru.wikipedia.org_all-access_all-agents_2017-02-01,58e680fc8e22
????:Andrey_Belloly_1.jpg_ru.wikipedia.org_all-access_all-agents_2017-02-02,231868d92288
????:Andrey_Belloly_1.jpg_ru.wikipedia.org_all-access_all-agents_2017-02-03,a700a6c29d67
????:Andrey_Belloly_1.jpg_ru.wikipedia.org_all-access_all-agents_2017-02-04,5fe7cc728ec7
????:Andrey_Belloly_1.jpg_ru.wikipedia.org_all-access_all-agents_2017-02-05,be0ce08da99e
????:Andrey_Belloly_1.jpg_ru.wikipedia.org_all-access_all-agents_2017-02-06,0a455666ee08
????:Andrey_Belloly_1.jpg_ru.wikipedia.org_all-access_all-agents_2017-02-07,57975c4d73e8
????:Andrey_Belloly_1.jpg_ru.wikipedia.org_all-access_all-agents_2017-02-08,3b0981e5555f
????:Andrey_Belloly_1.jpg_ru.wikipedia.org_all-access_all-agents_2017-02-09,537c63a54d7f
????:Andrey_Belloly_1.jpg_ru.wikipedia.org_all-access_all-agents_2017-02-10,e7cc37a43dfd
????:Andrey_Belloly_1.jpg_ru.wikipedia.org_all-access_all-agents_2017-02-11,c2ad9eabb386
????:Andrey_Belloly_1.jpg_ru.wikipedia.org_all-access_all-agents_2017-02-12,461f9322393b
????:Andrey_Belloly_1.jpg_ru.wikipedia.org_all-access_all-agents_2017-02-13,1e8633430e38
????:Andrey_Belloly_1.jpg_ru.wikipedia.org_all-access_all-agents_2017-02-14,1b2b0a16dccf
????:Andrey_Belloly_1.jpg_ru.wikipedia.org_all-access_all-agents_2017-02-15,5cad3ece5590
????:Andrey_Belloly_1.jpg_ru.wikipedia.org_all-access_all-agents_2017-02-16,d05c77a41bc3
????:Andrey_Belloly_1.jpg_ru.wikipedia.org_all-access_all-agents_2017-02-17,dbac10f54161
????:Andrey_Belloly_1.jpg_ru.wikipedia.org_all-access_all-agents_2017-02-18,04cf6f5c2651
????:Andrey_Belloly_1.jpg_ru.wikipedia.org_all-access_all-agents_2017-02-19,12eba785e277
????:Andrey_Belloly_1.jpg_ru.wikipedia.org_all-access_all-agents_2017-02-20,63219c74c074
????:Andrey_Belloly_1.jpg_ru.wikipedia.org_all-access_all-agents_2017-02-21,1f9591b9768d
????:Andrey_Belloly_1.jpg_ru.wikipedia.org_all-access_all-agents_2017-02-22,c3dea5a42fe7
????:Andrey_Belloly_1.jpg_ru.wikipedia.org_all-access_all-agents_2017-02-23,b70ad4abd18d
????:Andrey_Belloly_1.jpg_ru.wikipedia.org_all-access_all-agents_2017-02-24,4cf459ea31ff
????:Andrey_Belloly_1.jpg_ru.wikipedia.org_all-access_all-agents_2017-02-25,c4c671d18465
????:Andrey_Belloly_1.jpg_ru.wikipedia.org_all-access_all-agents_2017-02-26,4c1d4b7afc17
????:Andrey_Belloly_1.jpg_ru.wikipedia.org_all-access_all-agents_2017-02-27,428a1c24c9c0
????:Andrey_Belloly_1.jpg_ru.wikipedia.org_all-access_all-agents_2017-02-28,f24634639048
????:Andrey_Belloly_1.jpg_ru.wikipedia.org_all-access_all-agents_2017-03-01,65e023a3bda0
????:Andrey_Belloly_1.jpg_ru.wikipedia.org_all-access_spider_2017-01-01,63d83e20a3c1
????:Andrey_Belloly_1.jpg_ru.wikipedia.org_all-access_spider_2017-01-02,d1b7476be2a0
????:Andrey_Belloly_1.jpg_ru.wikipedia.org_all-access_spider_2017-01-03,11ffd9a58f8e
????:Andrey_Belloly_1.jpg_ru.wikipedia.org_all-access_spider_2017-01-04,a11235f5fc0b
????:Andrey_Belloly_1.jpg_ru.wikipedia.org_all-access_spider_2017-01-05,4fa9f4be57fc
????:Andrey_Belloly_1.jpg_ru.wikipedia.org_all-access_spider_2017-01-06,d5718b7151cf
????:Andrey_Belloly_1.jpg_ru.wikipedia.org_all-access_spider_2017-01-07,c0e8f28d8114
????:Andrey_Belloly_1.jpg_ru.wikipedia.org_all-access_spider_2017-01-08,322e3444cbb5
????:Andrey_Belloly_1.jpg_ru.wikipedia.org_all-access_spider_2017-01-09,d8335c604fdd
????:Andrey_Belloly_1.jpg_ru.wikipedia.org_all-access_spider_2017-01-10,397a52a78d3d
????:Andrey_Belloly_1.jpg_ru.wikipedia.org_all-access_spider_2017-01-11,fa23ac22937f
????:Andrey_Belloly_1.jpg_ru.wikipedia.org_all-access_spider_2017-01-12,63af037e4800
????:Andrey_Belloly_1.jpg_ru.wikipedia.org_all-access_spider_2017-01-13,d1c4d2541631
????:Andrey_Belloly_1.jpg_ru.wikipedia.org_all-access_spider_2017-01-14,d0e80da0dff7
????:Andrey_Belloly_1.jpg_ru.wikipedia.org_all-access_spider_2017-01-15,509fb01506ca
????:Andrey_Belloly_1.jpg_ru.wikipedia.org_all-access_spider_2017-01-16,550fee486bd1
????:Andrey_Belloly_1.jpg_ru.wikipedia.org_all-access_spider_2017-01-17,532fe6cc2352
????:Andrey_Belloly_1.jpg_ru.wikipedia.org_all-access_spider_2017-01-18,9e3f942d9ff8
????:Andrey_Belloly_1.jpg_ru.wikipedia.org_all-access_spider_2017-01-19,da0ea240cff4
????:Andrey_Belloly_1.jpg_ru.wikipedia.org_all-access_spider_2017-01-20,977a8000dee1
????:Andrey_Belloly_1.jpg_ru.wikipedia.org_all-access_spider_2017-01-21,8a34a6e5878c
????:Andrey_Belloly_1.jpg_ru.wikipedia.org_all-access_spider_2017-01-22,b46c4dd819f2
????:Andrey_Belloly_1.jpg_ru.wikipedia.org_all-access_spider_2017-01-23,313a156e61e2
????:Andrey_Belloly_1.jpg_ru.wikipedia.org_all-access_spider_2017-01-24,f12fa6130e9e
????:Andrey_Belloly_1.jpg_ru.wikipedia.org_all-access_spider_2017-01-25,13625bb83b61
????:Andrey_Belloly_1.jpg_ru.wikipedia.org_all-access_spider_2017-01-26,048e90bce81a
????:Andrey_Belloly_1.jpg_ru.wikipedia.org_all-access_spider_2017-01-27,61facc99e0dc
????:Andrey_Belloly_1.jpg_ru.wikipedia.org_all-access_spider_2017-01-28,a0936bf887ff
????:Andrey_Belloly_1.jpg_ru.wikipedia.org_all-access_spider_2017-01-29,d96a04e1505b
????:Andrey_Belloly_1.jpg_ru.wikipedia.org_all-access_spider_2017-01-30,ed707e6b0e04
????:Andrey_Belloly_1.jpg_ru.wikipedia.org_all-access_spider_2017-01-31,c18407740a2a
????:Andrey_Belloly_1.jpg_ru.wikipedia.org_all-access_spider_2017-02-01,2f427e135e83
????:Andrey_Belloly_1.jpg_ru.wikipedia.org_all-access_spider_2017-02-02,be5ecdb70bbc
????:Andrey_Belloly_1.jpg_ru.wikipedia.org_all-access_spider_2017-02-03,5c76e0f0aeb6
????:Andrey_Belloly_1.jpg_ru.wikipedia.org_all-access_spider_2017-02-04,2c21d21adb1b
????:Andrey_Belloly_1.jpg_ru.wikipedia.org_all-access_spider_2017-02-05,2ec6e444778c
????:Andrey_Belloly_1.jpg_ru.wikipedia.org_all-access_spider_2017-02-06,21fb62fef1fc
????:Andrey_Belloly_1.jpg_ru.wikipedia.org_all-access_spider_2017-02-07,6625da31bbd5
????:Andrey_Belloly_1.jpg_ru.wikipedia.org_all-access_spider_2017-02-08,5b20f5bfa00c
????:Andrey_Belloly_1.jpg_ru.wikipedia.org_all-access_spider_2017-02-09,6fb73c0e71d8
????:Andrey_Belloly_1.jpg_ru.wikipedia.org_all-access_spider_2017-02-10,2657503f91c8
????:Andrey_Belloly_1.jpg_ru.wikipedia.org_all-access_spider_2017-02-11,8f3f869a0bcd
????:Andrey_Belloly_1.jpg_ru.wikipedia.org_all-access_spider_2017-02-12,2e9fda056154
????:Andrey_Belloly_1.jpg_ru.wikipedia.org_all-access_spider_2017-02-13,59172636538e
????:Andrey_Belloly_1.jpg_ru.wikipedia.org_all-access_spider_2017-02-14,d86763086839
????:Andrey_Belloly_1.jpg_ru.wikipedia.org_all-access_spider_2017-02-15,f6ffc43ce8d3
????:Andrey_Belloly_1.jpg_ru.wikipedia.org_all-access_spider_2017-02-16,ff3924900fa9
????:Andrey_Belloly_1.jpg_ru.wikipedia.org_all-access_spider_2017-02-17,65c7c2d2150b
????:Andrey_Belloly_1.jpg_ru.wikipedia.org_all-access_spider_2017-02-18,f1995f2c72b4
????:Andrey_Belloly_1.jpg_ru.wikipedia.org_all-access_spider_2017-02-19,121410fc5b79
????:Andrey_Belloly_1.jpg_ru.wikipedia.org_all-access_spider_2017-02-20,a43301cee947
????:Andrey_Belloly_1.jpg_ru.wikipedia.org_all-access_spider_2017-02-21,323e64614cf6
????:Andrey_Belloly_1.jpg_ru.wikipedia.org_all-access_spider_2017-02-22,97085bf25f1f
????:Andrey_Belloly_1.jpg_ru.wikipedia.org_all-access_spider_2017-02-23,2d1af3557024
????:Andrey_Belloly_1.jpg_ru.wikipedia.org_all-access_spider_2017-02-24,bab1d4d8c596
????:Andrey_Belloly_1.jpg_ru.wikipedia.org_all-access_spider_2017-02-25,c73cc5e9bf68
????:Andrey_Belloly_1.jpg_ru.wikipedia.org_all-access_spider_2017-02-26,4354ba0f5343
????:Andrey_Belloly_1.jpg_ru.wikipedia.org_all-access_spider_2017-02-27,43286951562d
????:Andrey_Belloly_1.jpg_ru.wikipedia.org_all-access_spider_2017-02-28,1120d67963bc
????:Andrey_Belloly_1.jpg_ru.wikipedia.org_all-access_spider_2017-03-01,7a678de449bb
????:Andrey_Belloly_1.jpg_ru.wikipedia.org_desktop_all-agents_2017-01-01,14fd0d51cb98
????:Andrey_Belloly_1.jpg_ru.wikipedia.org_desktop_all-agents_2017-01-02,3af87b09675e
????:Andrey_Belloly_1.jpg_ru.wikipedia.org_desktop_all-agents_2017-01-03,55e75133426a
????:Andrey_Belloly_1.jpg_ru.wikipedia.org_desktop_all-agents_2017-01-04,2343bc96e5fb
????:Andrey_Belloly_1.jpg_ru.wikipedia.org_desktop_all-agents_2017-01-05,37df4ba8160f
????:Andrey_Belloly_1.jpg_ru.wikipedia.org_desktop_all-agents_2017-01-06,2f5a0463750f
????:Andrey_Belloly_1.jpg_ru.wikipedia.org_desktop_all-agents_2017-01-07,8744d26a87e8
????:Andrey_Belloly_1.jpg_ru.wikipedia.org_desktop_all-agents_2017-01-08,3a14536b9961
????:Andrey_Belloly_1.jpg_ru.wikipedia.org_desktop_all-agents_2017-01-09,7e2be8b54def
????:Andrey_Belloly_1.jpg_ru.wikipedia.org_desktop_all-agents_2017-01-10,fd59052c593a
????:Andrey_Belloly_1.jpg_ru.wikipedia.org_desktop_all-agents_2017-01-11,0f7fc5eb4ad0
????:Andrey_Belloly_1.jpg_ru.wikipedia.org_desktop_all-agents_2017-01-12,92e880707c6d
????:Andrey_Belloly_1.jpg_ru.wikipedia.org_desktop_all-agents_2017-01-13,b46d5f871acc
????:Andrey_Belloly_1.jpg_ru.wikipedia.org_desktop_all-agents_2017-01-14,f8faf24e4134
????:Andrey_Belloly_1.jpg_ru.wikipedia.org_desktop_all-agents_2017-01-15,3934e85ada34
????:Andrey_Belloly_1.jpg_ru.wikipedia.org_desktop_all-agents_2017-01-16,059373f6b612
????:Andrey_Belloly_1.jpg_ru.wikipedia.org_desktop_all-agents_2017-01-17,5cd203eb84ea
????:Andrey_Belloly_1.jpg_ru.wikipedia.org_desktop_all-agents_2017-01-18,e1365d3038fa
????:Andrey_Belloly_1.jpg_ru.wikipedia.org_desktop_all-agents_2017-01-19,e82ffdf55e17
????:Andrey_Belloly_1.jpg_ru.wikipedia.org_desktop_all-agents_2017-01-20,05301a984501
????:Andrey_Belloly_1.jpg_ru.wikipedia.org_desktop_all-agents_2017-01-21,f9c6d8a675e8
????:Andrey_Belloly_1.jpg_ru.wikipedia.org_desktop_all-agents_2017-01-22,d33c349dfdcd
????:Andrey_Belloly_1.jpg_ru.wikipedia.org_desktop_all-agents_2017-01-23,babbc9f8f488
????:Andrey_Belloly_1.jpg_ru.wikipedia.org_desktop_all-agents_2017-01-24,cfc2f5b37fea
????:Andrey_Belloly_1.jpg_ru.wikipedia.org_desktop_all-agents_2017-01-25,63e6663fca5f
????:Andrey_Belloly_1.jpg_ru.wikipedia.org_desktop_all-agents_2017-01-26,6835d5b846b8
????:Andrey_Belloly_1.jpg_ru.wikipedia.org_desktop_all-agents_2017-01-27,258733e7d2b0
????:Andrey_Belloly_1.jpg_ru.wikipedia.org_desktop_all-agents_2017-01-28,fc8472fd701d
????:Andrey_Belloly_1.jpg_ru.wikipedia.org_desktop_all-agents_2017-01-29,cd34ec1adf5a
????:Andrey_Belloly_1.jpg_ru.wikipedia.org_desktop_all-agents_2017-01-30,17a4d7092024
????:Andrey_Belloly_1.jpg_ru.wikipedia.org_desktop_all-agents_2017-01-31,e75cb01a7324
????:Andrey_Belloly_1.jpg_ru.wikipedia.org_desktop_all-agents_2017-02-01,9019368e99ce
????:Andrey_Belloly_1.jpg_ru.wikipedia.org_desktop_all-agents_2017-02-02,d05e3334e742
????:Andrey_Belloly_1.jpg_ru.wikipedia.org_desktop_all-agents_2017-02-03,d0a7366f332c
????:Andrey_Belloly_1.jpg_ru.wikipedia.org_desktop_all-agents_2017-02-04,7f77bac6f91d
????:Andrey_Belloly_1.jpg_ru.wikipedia.org_desktop_all-agents_2017-02-05,c5c5525e5235
????:Andrey_Belloly_1.jpg_ru.wikipedia.org_desktop_all-agents_2017-02-06,057d27ff8593
????:Andrey_Belloly_1.jpg_ru.wikipedia.org_desktop_all-agents_2017-02-07,90ce829e830f
????:Andrey_Belloly_1.jpg_ru.wikipedia.org_desktop_all-agents_2017-02-08,589286b4df64
????:Andrey_Belloly_1.jpg_ru.wikipedia.org_desktop_all-agents_2017-02-09,960a166b61ba
????:Andrey_Belloly_1.jpg_ru.wikipedia.org_desktop_all-agents_2017-02-10,15a2e2e227fe
????:Andrey_Belloly_1.jpg_ru.wikipedia.org_desktop_all-agents_2017-02-11,5025c9659918
????:Andrey_Belloly_1.jpg_ru.wikipedia.org_desktop_all-agents_2017-02-12,8e445a9f7af4
????:Andrey_Belloly_1.jpg_ru.wikipedia.org_desktop_all-agents_2017-02-13,9716291f1eac
????:Andrey_Belloly_1.jpg_ru.wikipedia.org_desktop_all-agents_2017-02-14,58b6e5025f52
????:Andrey_Belloly_1.jpg_ru.wikipedia.org_desktop_all-agents_2017-02-15,5a44ed12ce70
????:Andrey_Belloly_1.jpg_ru.wikipedia.org_desktop_all-agents_2017-02-16,cd7f33d4958c
????:Andrey_Belloly_1.jpg_ru.wikipedia.org_desktop_all-agents_2017-02-17,e64fe64f9650
????:Andrey_Belloly_1.jpg_ru.wikipedia.org_desktop_all-agents_2017-02-18,3f49b2459e17
????:Andrey_Belloly_1.jpg_ru.wikipedia.org_desktop_all-agents_2017-02-19,3ccbc9c0fe2b
????:Andrey_Belloly_1.jpg_ru.wikipedia.org_desktop_all-agents_2017-02-20,22093b86300a
????:Andrey_Belloly_1.jpg_ru.wikipedia.org_desktop_all-agents_2017-02-21,8a545e3547a9
????:Andrey_Belloly_1.jpg_ru.wikipedia.org_desktop_all-agents_2017-02-22,93a83be657d5
????:Andrey_Belloly_1.jpg_ru.wikipedia.org_desktop_all-agents_2017-02-23,741b169a21ca
????:Andrey_Belloly_1.jpg_ru.wikipedia.org_desktop_all-agents_2017-02-24,5ac5a1675cc8
????:Andrey_Belloly_1.jpg_ru.wikipedia.org_desktop_all-agents_2017-02-25,8d22bd71350a
????:Andrey_Belloly_1.jpg_ru.wikipedia.org_desktop_all-agents_2017-02-26,3d761be6526f
????:Andrey_Belloly_1.jpg_ru.wikipedia.org_desktop_all-agents_2017-02-27,690fafc1e7f2
????:Andrey_Belloly_1.jpg_ru.wikipedia.org_desktop_all-agents_2017-02-28,103e9c2f51c1
????:Andrey_Belloly_1.jpg_ru.wikipedia.org_desktop_all-agents_2017-03-01,309e9cdb2810
¿Qué_culpa_tiene_Fatmagül?_es.wikipedia.org_all-access_all-agents_2017-01-01,9d7f00f35f89
¿Qué_culpa_tiene_Fatmagül?_es.wikipedia.org_all-access_all-agents_2017-01-02,3b9db2c7c5ea
¿Qué_culpa_tiene_Fatmagül?_es.wikipedia.org_all-access_all-agents_2017-01-03,b9ccdf4ac6a6
¿Qué_culpa_tiene_Fatmagül?_es.wikipedia.org_all-access_all-agents_2017-01-04,22efb7d5d5ab
¿Qué_culpa_tiene_Fatmagül?_es.wikipedia.org_all-access_all-agents_2017-01-05,3b54a7b147e3
¿Qué_culpa_tiene_Fatmagül?_es.wikipedia.org_all-access_all-agents_2017-01-06,e2aaed6b043e
¿Qué_culpa_tiene_Fatmagül?_es.wikipedia.org_all-access_all-agents_2017-01-07,f4e164d38e71
¿Qué_culpa_tiene_Fatmagül?_es.wikipedia.org_all-access_all-agents_2017-01-08,9e31ad9b3dfa
¿Qué_culpa_tiene_Fatmagül?_es.wikipedia.org_all-access_all-agents_2017-01-09,e27be658bad4
¿Qué_culpa_tiene_Fatmagül?_es.wikipedia.org_all-access_all-agents_2017-01-10,8c189bdcca1a
¿Qué_culpa_tiene_Fatmagül?_es.wikipedia.org_all-access_all-agents_2017-01-11,a49d43a55502
¿Qué_culpa_tiene_Fatmagül?_es.wikipedia.org_all-access_all-agents_2017-01-12,9ef247baa75c
¿Qué_culpa_tiene_Fatmagül?_es.wikipedia.org_all-access_all-agents_2017-01-13,839b826f4ab2
¿Qué_culpa_tiene_Fatmagül?_es.wikipedia.org_all-access_all-agents_2017-01-14,7470d251a81b
¿Qué_culpa_tiene_Fatmagül?_es.wikipedia.org_all-access_all-agents_2017-01-15,f8e9a8e39c95
¿Qué_culpa_tiene_Fatmagül?_es.wikipedia.org_all-access_all-agents_2017-01-16,47baf9ac9f9b
¿Qué_culpa_tiene_Fatmagül?_es.wikipedia.org_all-access_all-agents_2017-01-17,1430ba9311af
¿Qué_culpa_tiene_Fatmagül?_es.wikipedia.org_all-access_all-agents_2017-01-18,7b78e56bb2ca
¿Qué_culpa_tiene_Fatmagül?_es.wikipedia.org_all-access_all-agents_2017-01-19,d3c7cbf8fddb
¿Qué_culpa_tiene_Fatmagül?_es.wikipedia.org_all-access_all-agents_2017-01-20,bd3f36b91ad6
¿Qué_culpa_tiene_Fatmagül?_es.wikipedia.org_all-access_all-agents_2017-01-21,02cd66405006
¿Qué_culpa_tiene_Fatmagül?_es.wikipedia.org_all-access_all-agents_2017-01-22,6fd45f4028ea
¿Qué_culpa_tiene_Fatmagül?_es.wikipedia.org_all-access_all-agents_2017-01-23,c590ed3b14d5
¿Qué_culpa_tiene_Fatmagül?_es.wikipedia.org_all-access_all-agents_2017-01-24,35f6d8a7afd9
¿Qué_culpa_tiene_Fatmagül?_es.wikipedia.org_all-access_all-agents_2017-01-25,aa2489fa666d
¿Qué_culpa_tiene_Fatmagül?_es.wikipedia.org_all-access_all-agents_2017-01-26,5593025d8613
¿Qué_culpa_tiene_Fatmagül?_es.wikipedia.org_all-access_all-agents_2017-01-27,97fd6a85cb86
¿Qué_culpa_tiene_Fatmagül?_es.wikipedia.org_all-access_all-agents_2017-01-28,b56760fadd53
¿Qué_culpa_tiene_Fatmagül?_es.wikipedia.org_all-access_all-agents_2017-01-29,332ad6a2dc53
¿Qué_culpa_tiene_Fatmagül?_es.wikipedia.org_all-access_all-agents_2017-01-30,472686369dc5
¿Qué_culpa_tiene_Fatmagül?_es.wikipedia.org_all-access_all-agents_2017-01-31,09a055eb3431
¿Qué_culpa_tiene_Fatmagül?_es.wikipedia.org_all-access_all-agents_2017-02-01,55622c67d582
¿Qué_culpa_tiene_Fatmagül?_es.wikipedia.org_all-access_all-agents_2017-02-02,2de16c60608f
¿Qué_culpa_tiene_Fatmagül?_es.wikipedia.org_all-access_all-agents_2017-02-03,7794e9ca4bbd
¿Qué_culpa_tiene_Fatmagül?_es.wikipedia.org_all-access_all-agents_2017-02-04,96d171745782
¿Qué_culpa_tiene_Fatmagül?_es.wikipedia.org_all-access_all-agents_2017-02-05,fa4d7eb4cee1
¿Qué_culpa_tiene_Fatmagül?_es.wikipedia.org_all-access_all-agents_2017-02-06,d717e4d6ee81
¿Qué_culpa_tiene_Fatmagül?_es.wikipedia.org_all-access_all-agents_2017-02-07,c0acb0ee1750
¿Qué_culpa_tiene_Fatmagül?_es.wikipedia.org_all-access_all-agents_2017-02-08,3fe356104fbd
¿Qué_culpa_tiene_Fatmagül?_es.wikipedia.org_all-access_all-agents_2017-02-09,29920811919b
¿Qué_culpa_tiene_Fatmagül?_es.wikipedia.org_all-access_all-agents_2017-02-10,b0c2b6801aee
¿Qué_culpa_tiene_Fatmagül?_es.wikipedia.org_all-access_all-agents_2017-02-11,21901ef564a4
¿Qué_culpa_tiene_Fatmagül?_es.wikipedia.org_all-access_all-agents_2017-02-12,9267b3113adc
¿Qué_culpa_tiene_Fatmagül?_es.wikipedia.org_all-access_all-agents_2017-02-13,6fc2a8c010cc
¿Qué_culpa_tiene_Fatmagül?_es.wikipedia.org_all-access_all-agents_2017-02-14,7d77810e0994
¿Qué_culpa_tiene_Fatmagül?_es.wikipedia.org_all-access_all-agents_2017-02-15,09661b15bb0f
¿Qué_culpa_tiene_Fatmagül?_es.wikipedia.org_all-access_all-agents_2017-02-16,557d94e79e9b
¿Qué_culpa_tiene_Fatmagül?_es.wikipedia.org_all-access_all-agents_2017-02-17,8999e85f2837
¿Qué_culpa_tiene_Fatmagül?_es.wikipedia.org_all-access_all-agents_2017-02-18,51ac752b7062
¿Qué_culpa_tiene_Fatmagül?_es.wikipedia.org_all-access_all-agents_2017-02-19,85804f95fa5d
¿Qué_culpa_tiene_Fatmagül?_es.wikipedia.org_all-access_all-agents_2017-02-20,f45264efb270
¿Qué_culpa_tiene_Fatmagül?_es.wikipedia.org_all-access_all-agents_2017-02-21,1e1a2a04d37e
¿Qué_culpa_tiene_Fatmagül?_es.wikipedia.org_all-access_all-agents_2017-02-22,c90073097a4b
¿Qué_culpa_tiene_Fatmagül?_es.wikipedia.org_all-access_all-agents_2017-02-23,86f58d9bc367
¿Qué_culpa_tiene_Fatmagül?_es.wikipedia.org_all-access_all-agents_2017-02-24,9eed3c39e9e6
¿Qué_culpa_tiene_Fatmagül?_es.wikipedia.org_all-access_all-agents_2017-02-25,c27df5284cde
¿Qué_culpa_tiene_Fatmagül?_es.wikipedia.org_all-access_all-agents_2017-02-26,8b8116489f95
¿Qué_culpa_tiene_Fatmagül?_es.wikipedia.org_all-access_all-agents_2017-02-27,097b82778af2
¿Qué_culpa_tiene_Fatmagül?_es.wikipedia.org_all-access_all-agents_2017-02-28,ddc57a7227c4
¿Qué_culpa_tiene_Fatmagül?_es.wikipedia.org_all-access_all-agents_2017-03-01,df9072085b29
¿Qué_culpa_tiene_Fatmagül?_es.wikipedia.org_all-access_spider_2017-01-01,a58982565100
¿Qué_culpa_tiene_Fatmagül?_es.wikipedia.org_all-access_spider_2017-01-02,b786dcca3e39
¿Qué_culpa_tiene_Fatmagül?_es.wikipedia.org_all-access_spider_2017-01-03,5978125fc398
¿Qué_culpa_tiene_Fatmagül?_es.wikipedia.org_all-access_spider_2017-01-04,0e1b90da4fc3
¿Qué_culpa_tiene_Fatmagül?_es.wikipedia.org_all-access_spider_2017-01-05,19ae7ee3cdf5
¿Qué_culpa_tiene_Fatmagül?_es.wikipedia.org_all-access_spider_2017-01-06,704099a10a9d
¿Qué_culpa_tiene_Fatmagül?_es.wikipedia.org_all-access_spider_2017-01-07,23c8cd409e55
¿Qué_culpa_tiene_Fatmagül?_es.wikipedia.org_all-access_spider_2017-01-08,256427f35027
¿Qué_culpa_tiene_Fatmagül?_es.wikipedia.org_all-access_spider_2017-01-09,93f18a4c1851
¿Qué_culpa_tiene_Fatmagül?_es.wikipedia.org_all-access_spider_2017-01-10,94b83611de97
¿Qué_culpa_tiene_Fatmagül?_es.wikipedia.org_all-access_spider_2017-01-11,7a1c402a2bbf
¿Qué_culpa_tiene_Fatmagül?_es.wikipedia.org_all-access_spider_2017-01-12,4ad806a621d5
¿Qué_culpa_tiene_Fatmagül?_es.wikipedia.org_all-access_spider_2017-01-13,e6de4c7650df
¿Qué_culpa_tiene_Fatmagül?_es.wikipedia.org_all-access_spider_2017-01-14,8de622f3b53e
¿Qué_culpa_tiene_Fatmagül?_es.wikipedia.org_all-access_spider_2017-01-15,cd716f49b596
¿Qué_culpa_tiene_Fatmagül?_es.wikipedia.org_all-access_spider_2017-01-16,630a81852fce
¿Qué_culpa_tiene_Fatmagül?_es.wikipedia.org_all-access_spider_2017-01-17,37be5954bf0c
¿Qué_culpa_tiene_Fatmagül?_es.wikipedia.org_all-access_spider_2017-01-18,1b27fb7836ae
¿Qué_culpa_tiene_Fatmagül?_es.wikipedia.org_all-access_spider_2017-01-19,1b930e937f73
¿Qué_culpa_tiene_Fatmagül?_es.wikipedia.org_all-access_spider_2017-01-20,cb8c4cebd4af
¿Qué_culpa_tiene_Fatmagül?_es.wikipedia.org_all-access_spider_2017-01-21,c4a70ee87d4f
¿Qué_culpa_tiene_Fatmagül?_es.wikipedia.org_all-access_spider_2017-01-22,7dab81e2e5f5
¿Qué_culpa_tiene_Fatmagül?_es.wikipedia.org_all-access_spider_2017-01-23,cdaabd4de3cb
¿Qué_culpa_tiene_Fatmagül?_es.wikipedia.org_all-access_spider_2017-01-24,dbc7049c11b5
¿Qué_culpa_tiene_Fatmagül?_es.wikipedia.org_all-access_spider_2017-01-25,d1ae5fdea8fb
¿Qué_culpa_tiene_Fatmagül?_es.wikipedia.org_all-access_spider_2017-01-26,17f352b86ef7
¿Qué_culpa_tiene_Fatmagül?_es.wikipedia.org_all-access_spider_2017-01-27,4316727598d1
¿Qué_culpa_tiene_Fatmagül?_es.wikipedia.org_all-access_spider_2017-01-28,725c24b79da7
¿Qué_culpa_tiene_Fatmagül?_es.wikipedia.org_all-access_spider_2017-01-29,2d6c3edcb4b8
¿Qué_culpa_tiene_Fatmagül?_es.wikipedia.org_all-access_spider_2017-01-30,d01092515cf5
¿Qué_culpa_tiene_Fatmagül?_es.wikipedia.org_all-access_spider_2017-01-31,afb9b3c7c665
¿Qué_culpa_tiene_Fatmagül?_es.wikipedia.org_all-access_spider_2017-02-01,18ba9324b61f
¿Qué_culpa_tiene_Fatmagül?_es.wikipedia.org_all-access_spider_2017-02-02,efe3b241e832
¿Qué_culpa_tiene_Fatmagül?_es.wikipedia.org_all-access_spider_2017-02-03,edbf88c4bb1f
¿Qué_culpa_tiene_Fatmagül?_es.wikipedia.org_all-access_spider_2017-02-04,5341e64132e5
¿Qué_culpa_tiene_Fatmagül?_es.wikipedia.org_all-access_spider_2017-02-05,81b5eabf751f
¿Qué_culpa_tiene_Fatmagül?_es.wikipedia.org_all-access_spider_2017-02-06,763f5d223cb6
¿Qué_culpa_tiene_Fatmagül?_es.wikipedia.org_all-access_spider_2017-02-07,2fb70c92d65a
¿Qué_culpa_tiene_Fatmagül?_es.wikipedia.org_all-access_spider_2017-02-08,89b2eaf62a59
¿Qué_culpa_tiene_Fatmagül?_es.wikipedia.org_all-access_spider_2017-02-09,33d639433831
¿Qué_culpa_tiene_Fatmagül?_es.wikipedia.org_all-access_spider_2017-02-10,c58406b14cf4
¿Qué_culpa_tiene_Fatmagül?_es.wikipedia.org_all-access_spider_2017-02-11,7f10891d2ce2
¿Qué_culpa_tiene_Fatmagül?_es.wikipedia.org_all-access_spider_2017-02-12,b57208528cbb
¿Qué_culpa_tiene_Fatmagül?_es.wikipedia.org_all-access_spider_2017-02-13,3e6c066838ac
¿Qué_culpa_tiene_Fatmagül?_es.wikipedia.org_all-access_spider_2017-02-14,4194a203866b
¿Qué_culpa_tiene_Fatmagül?_es.wikipedia.org_all-access_spider_2017-02-15,1261fda19fe7
¿Qué_culpa_tiene_Fatmagül?_es.wikipedia.org_all-access_spider_2017-02-16,e7a9d49f7912
¿Qué_culpa_tiene_Fatmagül?_es.wikipedia.org_all-access_spider_2017-02-17,1bbd121b44d5
¿Qué_culpa_tiene_Fatmagül?_es.wikipedia.org_all-access_spider_2017-02-18,26d1224194a3
¿Qué_culpa_tiene_Fatmagül?_es.wikipedia.org_all-access_spider_2017-02-19,7046d8ac6289
¿Qué_culpa_tiene_Fatmagül?_es.wikipedia.org_all-access_spider_2017-02-20,53a937b7c7c1
¿Qué_culpa_tiene_Fatmagül?_es.wikipedia.org_all-access_spider_2017-02-21,aec87655ec60
¿Qué_culpa_tiene_Fatmagül?_es.wikipedia.org_all-access_spider_2017-02-22,15a7bafa6f4e
¿Qué_culpa_tiene_Fatmagül?_es.wikipedia.org_all-access_spider_2017-02-23,a32c05900f47
¿Qué_culpa_tiene_Fatmagül?_es.wikipedia.org_all-access_spider_2017-02-24,c822993e3915
¿Qué_culpa_tiene_Fatmagül?_es.wikipedia.org_all-access_spider_2017-02-25,566a87d6a61f
¿Qué_culpa_tiene_Fatmagül?_es.wikipedia.org_all-access_spider_2017-02-26,987d2f4be392
¿Qué_culpa_tiene_Fatmagül?_es.wikipedia.org_all-access_spider_2017-02-27,3bfd2e5226f7
¿Qué_culpa_tiene_Fatmagül?_es.wikipedia.org_all-access_spider_2017-02-28,3527d10a0f8a
¿Qué_culpa_tiene_Fatmagül?_es.wikipedia.org_all-access_spider_2017-03-01,eb5c38760a5d
¿Qué_culpa_tiene_Fatmagül?_es.wikipedia.org_desktop_all-agents_2017-01-01,57f9742296af
¿Qué_culpa_tiene_Fatmagül?_es.wikipedia.org_desktop_all-agents_2017-01-02,a9ca2d9c60e8
¿Qué_culpa_tiene_Fatmagül?_es.wikipedia.org_desktop_all-agents_2017-01-03,514c5309a7ea
¿Qué_culpa_tiene_Fatmagül?_es.wikipedia.org_desktop_all-agents_2017-01-04,902189812b21
¿Qué_culpa_tiene_Fatmagül?_es.wikipedia.org_desktop_all-agents_2017-01-05,9769d51606df
¿Qué_culpa_tiene_Fatmagül?_es.wikipedia.org_desktop_all-agents_2017-01-06,e577324c23ae
¿Qué_culpa_tiene_Fatmagül?_es.wikipedia.org_desktop_all-agents_2017-01-07,751e9fb4b82b
¿Qué_culpa_tiene_Fatmagül?_es.wikipedia.org_desktop_all-agents_2017-01-08,68ca4309c0f9
¿Qué_culpa_tiene_Fatmagül?_es.wikipedia.org_desktop_all-agents_2017-01-09,981ac6824532
¿Qué_culpa_tiene_Fatmagül?_es.wikipedia.org_desktop_all-agents_2017-01-10,b8a07e1f132c
¿Qué_culpa_tiene_Fatmagül?_es.wikipedia.org_desktop_all-agents_2017-01-11,7c2c1f834e7c
¿Qué_culpa_tiene_Fatmagül?_es.wikipedia.org_desktop_all-agents_2017-01-12,d1ec7a991466
¿Qué_culpa_tiene_Fatmagül?_es.wikipedia.org_desktop_all-agents_2017-01-13,52d7ec1e15a7
¿Qué_culpa_tiene_Fatmagül?_es.wikipedia.org_desktop_all-agents_2017-01-14,8bba2ee94f55
¿Qué_culpa_tiene_Fatmagül?_es.wikipedia.org_desktop_all-agents_2017-01-15,fd91dc90efdb
¿Qué_culpa_tiene_Fatmagül?_es.wikipedia.org_desktop_all-agents_2017-01-16,26fecc8e95c8
¿Qué_culpa_tiene_Fatmagül?_es.wikipedia.org_desktop_all-agents_2017-01-17,4ba9303d9f3f
¿Qué_culpa_tiene_Fatmagül?_es.wikipedia.org_desktop_all-agents_2017-01-18,b044245cc73a
¿Qué_culpa_tiene_Fatmagül?_es.wikipedia.org_desktop_all-agents_2017-01-19,8f039be2910b
¿Qué_culpa_tiene_Fatmagül?_es.wikipedia.org_desktop_all-agents_2017-01-20,5627bf6fd5fa
