Id,Visits
0b293039387a,0
7114389dd824,0
057b02ff1f09,0
bd2aca21caa3,0
c0effb42cdd5,0
4ccd369adefc,0
67d5c2ebc330,0
1c51606e416b,0
0f27b91481db,0
07f5f08a49fa,0
de5e0bd4769d,0
4992950a2651,0
6d53bd4dc888,0
1bbd6403124c,0
e8e7ff40facc,0
8a4b1c6af656,0
1e24475ddb8c,0
02e034fdd2c4,0
1cc7eb149dbd,0
fb518bfef5ab,0
1d1f1519ac13,0
ac35a6c2b36c,0
5ff1782a4045,0
148aa06a6a65,0
b94a0af77529,0
0a214bdcec3d,0
6562a45df4fd,0
220e7ae73a6d,0
435af699b0f2,0
a2c44639e9e4,0
10a00393121a,0
e45e79576814,0
8c24a7911707,0
c02d6ac6bc14,0
71e2d119c231,0
84fbf152bba2,0
6995ee0a77a8,0
f509f25c473f,0
94ed55e17ca2,0
2c2b1a8a9faa,0
3cd7c8a2ad98,0
2de83ba0981b,0
86ea11579c7e,0
e08b8001e1d7,0
ca2f20c06075,0
c8363ab90343,0
d49e97b96906,0
9b8e18c9c86c,0
c3fb78e23cbf,0
156887cf95a4,0
6670c86199c8,0
f7150eb7ceee,0
255c803394b0,0
9e22b01971f4,0
9d6828286480,0
0a64a1c903a9,0
e2b0a8953036,0
62a4d7c6a415,0
9473a6aefd12,0
91669e6d7227,0
7867b6c7b49d,0
907048145f8f,0
098d9a6c9f03,0
8c2cc3d72ba4,0
9758da15f7b6,0
a59ad481ddc2,0
da390e3b4458,0
defe2144e770,0
44e5e5e0fea2,0
2c71935e33ca,0
4880b67372f7,0
e1c04be2ca16,0
93e64389ec29,0
f2df48e19a66,0
f003dfd8d657,0
1ac7050beca5,0
939d56a52b50,0
e997ada5860d,0
b42a30d3c4ed,0
3d2b67dbe3c2,0
9f15b46e4f12,0
d7f23d28834e,0
e682d9339bdd,0
4b49ab4d1c9c,0
e39cf6df845e,0
6d5bafa38efb,0
f181012712ea,0
9573821e114c,0
9fe3d46fb877,0
7d513b9b5d8b,0
9aef75405cad,0
52c91ef97fbd,0
5f75c1857070,0
27dcb6b58bd2,0
37c842383f21,0
8268a84d0b0f,0
35aa19681e76,0
11c6574ac6ad,0
458a65e97648,0
bb9038bbbfad,0
ba5b4f8ff05e,0
5cfd6d8c7d4f,0
a74456a50358,0
04476f4203f1,0
e3836befc2ac,0
f794df381bdb,0
36a67c4d1bbd,0
73c8e872644e,0
a1c94c91b0ee,0
f751f973ac51,0
cfcf33b5a5e0,0
ea0fe83c6d27,0
f5f0b5d9bcfc,0
3fae4a9534db,0
197f76e43653,0
26fd73a447bd,0
1e2dbcd41f1f,0
6ea5680826fb,0
24460cc274d5,0
b6a5e3111efb,0
b78259b14981,0
b817e1156c1a,0
c069a5e8498f,0
a5111aee0d40,0
d6ee2fd5f5a8,0
bc0361c648af,0
caa11e13d5b8,0
92d8881f8405,0
311d45a5ec8d,0
d565b388f58a,0
e30a8a040a4d,0
d2b98755be6e,0
d1c74688f052,0
52bdb05ef8e7,0
dfb30f50b790,0
e891f4bde5ff,0
b2195b20c297,0
de2e6e7fce48,0
0705385705ca,0
df4d54c30187,0
9b345646f60b,0
dbbfda6a1090,0
6c9207dc6a3a,0
bc82f0c11a7b,0
fc79cb3ea220,0
081a755f0390,0
0dcf45960100,0
d31138f9f407,0
34071a26617f,0
81b37597c584,0
71c4946263b1,0
1cef440a61de,0
dfb882d6b02c,0
34dc73d742a7,0
2d37d3ac7b9a,0
d7b60566d708,0
0d0978d83a11,0
b3ed4964df09,0
a6d7698f0704,0
5a3b47d2183b,0
01dce6b3d34d,0
5b7596d80826,0
5633dc70b233,0
3b4818e2f8bc,0
751404f31e6b,0
734feaf4cd09,0
1254b1396862,0
db6afe45f093,0
1f9b086ad35f,0
21d321287ec1,0
26dcacd1ce3e,0
f2d24e5e936e,0
12d8e69acca6,0
ee097436917d,0
d6fe594c4f64,0
7912b4de8f8d,0
80797b02f47e,0
eb4874c962a5,0
048945f8d87e,0
f97d4b3208fc,0
2bae2ad8f661,0
93df6feb07ea,0
435f2f7147d7,0
4020e1217707,0
5dc7a269dafa,0
833c4873686d,0
2b3780ee6f1c,0
8dc7e4ffb7fe,0
bd92b86fb3be,0
5838cd4a0248,0
41fae4051dae,0
3c498ea36731,0
0d0689e14881,0
11e490a758fc,0
52d45417f558,0
b1938250b486,0
d88360b86d48,0
b07dce0fbcc0,0
38458cbdeef8,0
aad23db68e79,0
2dbb84c758a6,0
e9c39f1ddf57,0
c44977e661ea,0
7963b7c7db62,0
e367f7908549,0
ae156e79b6c5,0
c21900c7e2aa,0
44bd887a3e68,0
2d0637fbed49,0
a003c94b233b,0
77afcbe66ef9,0
4c4ea48ebb90,0
5142146aadf0,0
5e142f1b9b3e,0
18f57883c9a2,0
a6e0d40f9aef,0
75443c900b76,0
f61b30e781fa,0
32b0639b0df4,0
8d4b01b57a87,0
291242912773,0
7e49adf78dc8,0
abb1c2a6e15e,0
686b477e3fef,0
c39bd8229660,0
5a7c766a49b5,0
495443e136cf,0
0687dc469838,0
56d6a045d78d,0
aaa9d5453be4,0
c1f45faea80b,0
6aca7dbd744a,0
09e416220deb,0
91e32647c6ab,0
08ce651389c1,0
d8557d693af0,0
99ae47a2a9ce,0
c266f31479ce,0
ffeb3bf92a5c,0
6edfbde18a45,0
06096d2a1ec4,0
50ecf72ac115,0
b06fad2be019,0
ddaa02f14dad,0
5af5e3bb9779,0
0583d4429bbe,0
75278a1c22cd,0
7ff1fb2ed8c2,0
e3dc18224ec7,0
10fc70b14b49,0
fc646e2cae7e,0
b992c6186028,0
ec8713b67456,0
a2f7a89f9f0c,0
38de9a1d3109,0
a2759ba1c3dc,0
ee5238d95a83,0
a8445fa3b282,0
a6debaa33455,0
ce7d538b7ba7,0
b2709c8be1b5,0
89d428ed9cd2,0
9f3e515ee5ad,0
b30888671588,0
963e8ad78746,0
30e5bf1f23f0,0
e4271effeb3f,0
f07bd7141d7e,0
a9bea334130b,0
ddfdb56cd2fa,0
8f4b6e478f51,0
ac3e0da4e779,0
23950682a8fa,0
0e2807c38470,0
c2f71777d340,0
237183881601,0
f24d0c62d2e8,0
e7aa9e85020f,0
01bdc53a1f7f,0
e63b36c29ced,0
72b26e72b6b6,0
f8fa388abc56,0
a5e36a7bc831,0
62d08048d5ce,0
bd1b0195dcb7,0
ef2e81e5b02c,0
43161b46753f,0
e765ff4ac320,0
edf51dc2a595,0
807a63825aea,0
173ee104d41b,0
8e8719fc580d,0
866a836322fd,0
9e7ccb8454e2,0
4bef70626d13,0
48271167ddbf,0
313c846914ee,0
e83994c1f853,0
05e50e1266ef,0
d9d894b18270,0
5e2248f1f073,0
5cd298d0a3cd,0
cbcb889284b1,0
369fdd2992e5,0
d8c6bad03db0,0
2bcc056c68ad,0
e755d1daf2a2,0
460f9b5cb1ff,0
fcbcfbc7cc55,0
d3aae3bcc8e2,0
155c111db36c,0
be4552f70f5c,0
1a88dbbe54c0,0
104d3f0373e7,0
38b23a82c835,0
bdc9caea0182,0
d0d94760a07f,0
bf770f149334,0
ea43b0894705,0
0e986a1b8aec,0
bfa60b409d08,0
fd614ad6f9a9,0
731b4766e869,0
ed5e67982000,0
adb8fb0d5638,0
8c9f85917926,0
749695d9bb29,0
5b18815afd93,0
cfec0eff6c0d,0
0e2053da53b3,0
3ba2229a6790,0
ea515b44af8e,0
19a4ec254638,0
5c578a4dc51d,0
263019e4d3cd,0
f4186f639c3e,0
76f3be897d8b,0
0561d8c3742f,0
d19fe180c0ef,0
96f8c408ee31,0
4297c3ff5217,0
0547a20cdec3,0
1167550e7eb5,0
a426545b3270,0
1638a608ece5,0
360ef1dc10d6,0
cb8176e41451,0
145748b1ffbd,0
afd4cc883fc1,0
90bde414ea53,0
1e2ef3385daa,0
6e9c69f122d8,0
35214931a89a,0
7ca0c37a45ff,0
25b0e842ee83,0
55be705dc70d,0
58a235453348,0
e7d69e1249ed,0
6cabc25aebe0,0
9fceb893870c,0
66663b5e63df,0
a56938868bc1,0
8a6a0b1e0c5c,0
5050e6b46a35,0
8277699f3bf2,0
225033c4425c,0
674b1fea2bd5,0
6c12fd872b6e,0
76e78e1bc240,0
4d4d062e0ed1,0
c72659a3747e,0
eb8e5d74e337,0
60572b6dad59,0
8e5be1d19c95,0
a0a3912bd009,0
8de133a37840,0
26ec4807bc8f,0
246d9ac13f7d,0
32be03ef0f88,0
ab2e47a59792,0
340e9ea1a7c8,0
cea28c0e7925,0
6c6e570593f2,0
00e6072fcbb5,0
c33dc074d125,0
4b42df9e4d49,0
b1657508e104,0
b20dacc35e06,0
313f4b77c8dd,0
222aae61eedc,0
9b663414dd23,0
be9b94933b67,0
17ae2026278a,0
2a4e945597fa,0
b8220f14657b,0
6d701f4dee46,0
e34ad01106b2,0
b4466e798b9a,0
9736d3036601,0
edcd546aac43,0
61fd0054f006,0
932945ddf485,0
94d192ac094a,0
230f611f96f9,0
ebf00c93bd5f,0
fd814b4754db,0
980c49f9fc49,0
bec948512fb1,0
6582fbc73215,0
b71e6476f170,0
55bc8e4856e4,0
0f3a5883a30c,0
d7b31ec2943c,0
2e91eb7d3424,0
c0e812072004,0
bd5bada3bbb8,0
2b25aeed365e,0
254d42cf3e77,0
9d0a5f885a20,0
3f8768f30293,0
e586a0989e14,0
a81a6f8b9539,0
31748e0cbb69,0
cf8ae016d978,0
87070f36a023,0
8211fb895ab8,0
72ac5f925d4b,0
7d57a4ad2904,0
9e09cd3a9f7d,0
f670feef9d41,0
b9ce984b422b,0
993299e3ae87,0
b97f4842f421,0
0c31ead61c89,0
49f3ef4e8a8d,0
b1c749c4ac1c,0
15669f03a897,0
b38c1855b9e8,0
609ed57f2898,0
c74c966437f7,0
9b8f416b3cb6,0
6690216b0d15,0
b4fdb50605b1,0
9b15e39e0f51,0
045601fdfbc1,0
08257f927deb,0
6fb59ee649fa,0
48fd29487307,0
c93ec8bbf16b,0
29fdbf03036f,0
1c863aea1720,0
252d69c3f976,0
e43b39e48d44,0
eb1997bb09eb,0
e0565bc5ef7b,0
8b7acc70b31c,0
56888a3c724a,0
96d49ef825c5,0
0f22327617ca,0
dd0425f2fd62,0
b6a66c71ba2b,0
29d34c457fd4,0
5e29b0907864,0
eb4de2a19ffe,0
2109c4a8fb21,0
db52f15460a8,0
cfa576ec66f2,0
bb7beea55597,0
1b434a6a061c,0
ffd2548240c3,0
fca1596c7053,0
b0452df15ab7,0
1e10ddd2699e,0
6ec40fb3af86,0
2a7eda77a907,0
287fd1a25382,0
1570c3b3e5d8,0
0cb287c77934,0
4c11034e8588,0
0ba50a3a529c,0
3f63675b85fc,0
d9e3f3eb7fe4,0
5723e63a70b7,0
35eefa5fe27f,0
2701c7e8394b,0
48ba2d0b546d,0
cd5fee3271f6,0
b83f12d81fde,0
0e17fea248ba,0
6901505719b9,0
f420858725d9,0
190249e16929,0
6d60305abfda,0
c3637ce7f073,0
31f22c5b434b,0
beec257272ad,0
f3b313c5f1ed,0
774e28c5fd34,0
51ae98f5c66f,0
492cf428a467,0
